"In","Age","Nat.","Position","Pos","Market value","Left","Left","Fee","Team","team_logo"
"Martín ZubimendiM. Zubimendi",26,NA,"Defensive Midfield","DM","€60.00m",NA,"Real Sociedad","€70.00m","Arsenal","https://tmssl.akamaized.net//images/wappen/homepageSmall/11.png?lm=1489787850"
"Eberechi EzeE. Eze",27,NA,"Attacking Midfield","AM","€55.00m",NA,"Crystal Palace","€69.30m","Arsenal","https://tmssl.akamaized.net//images/wappen/homepageSmall/11.png?lm=1489787850"
"Viktor GyökeresV. Gyökeres",27,NA,"Centre-Forward","CF","€75.00m",NA,"Sporting","€65.80m","Arsenal","https://tmssl.akamaized.net//images/wappen/homepageSmall/11.png?lm=1489787850"
"Noni MaduekeN. Madueke",23,NA,"Right Winger","RW","€40.00m",NA,"Chelsea","€56.00m","Arsenal","https://tmssl.akamaized.net//images/wappen/homepageSmall/11.png?lm=1489787850"
"Cristhian MosqueraC. Mosquera",21,NA,"Centre-Back","CB","€30.00m",NA,"Valencia","€15.00m","Arsenal","https://tmssl.akamaized.net//images/wappen/homepageSmall/11.png?lm=1489787850"
"Christian NørgaardC. Nørgaard",31,NA,"Defensive Midfield","DM","€11.00m",NA,"Brentford","€11.60m","Arsenal","https://tmssl.akamaized.net//images/wappen/homepageSmall/11.png?lm=1489787850"
"Kepa ArrizabalagaK. Arrizabalaga",30,NA,"Goalkeeper","GK","€10.00m",NA,"Chelsea","€5.80m","Arsenal","https://tmssl.akamaized.net//images/wappen/homepageSmall/11.png?lm=1489787850"
"Piero HincapiéP. Hincapié",23,NA,"Centre-Back","CB","€50.00m",NA,"Leverkusen","loan transfer","Arsenal","https://tmssl.akamaized.net//images/wappen/homepageSmall/11.png?lm=1489787850"
"Fábio VieiraF. Vieira",25,NA,"Attacking Midfield","AM","€22.00m",NA,"Porto","End of loan30.06.2025","Arsenal","https://tmssl.akamaized.net//images/wappen/homepageSmall/11.png?lm=1489787850"
"Max DowmanM. Dowman",15,NA,"Right Winger","RW","-",NA,"Arsenal U18","-","Arsenal","https://tmssl.akamaized.net//images/wappen/homepageSmall/11.png?lm=1489787850"
"MarquinhosMarquinhos",22,NA,"Right Winger","RW","€5.50m",NA,"Cruzeiro","End of loan30.06.2025","Arsenal","https://tmssl.akamaized.net//images/wappen/homepageSmall/11.png?lm=1489787850"
"Reiss NelsonR. Nelson",25,NA,"Left Winger","LW","€16.00m",NA,"Fulham","End of loan30.06.2025","Arsenal","https://tmssl.akamaized.net//images/wappen/homepageSmall/11.png?lm=1489787850"
"Karl HeinKarl Hein",23,NA,"Goalkeeper","GK","€3.00m",NA,"Real Valladolid","End of loan30.06.2025","Arsenal","https://tmssl.akamaized.net//images/wappen/homepageSmall/11.png?lm=1489787850"
"Nuno TavaresN. Tavares",25,NA,"Left-Back","LB","€25.00m",NA,"Lazio","End of loan30.06.2025","Arsenal","https://tmssl.akamaized.net//images/wappen/homepageSmall/11.png?lm=1489787850"
"Albert Sambi LokongaA. Sambi Lokonga",25,NA,"Central Midfield","CM","€8.00m",NA,"Sevilla FC","End of loan30.06.2025","Arsenal","https://tmssl.akamaized.net//images/wappen/homepageSmall/11.png?lm=1489787850"
"Evann GuessandE. Guessand",24,NA,"Centre-Forward","CF","€25.00m",NA,"Nice","€30.00m","Aston Villa","https://tmssl.akamaized.net//images/wappen/homepageSmall/405.png?lm=1717155982"
"Marco BizotM. Bizot",34,NA,"Goalkeeper","GK","€3.00m",NA,"Stade Brestois","€500k","Aston Villa","https://tmssl.akamaized.net//images/wappen/homepageSmall/405.png?lm=1717155982"
"Victor LindelöfV. Lindelöf",31,NA,"Centre-Back","CB","€8.00m",NA,"Man Utd","free transfer","Aston Villa","https://tmssl.akamaized.net//images/wappen/homepageSmall/405.png?lm=1717155982"
"Jadon SanchoJ. Sancho",25,NA,"Left Winger","LW","€28.00m",NA,"Man Utd","loan transfer","Aston Villa","https://tmssl.akamaized.net//images/wappen/homepageSmall/405.png?lm=1717155982"
"Harvey ElliottH. Elliott",22,NA,"Attacking Midfield","AM","€30.00m",NA,"Liverpool","loan transfer","Aston Villa","https://tmssl.akamaized.net//images/wappen/homepageSmall/405.png?lm=1717155982"
"Oliwier ZychO. Zych",21,NA,"Goalkeeper","GK","€800k",NA,"Aston Villa U21","-","Aston Villa","https://tmssl.akamaized.net//images/wappen/homepageSmall/405.png?lm=1717155982"
"Philippe CoutinhoP. Coutinho",33,NA,"Attacking Midfield","AM","€4.50m",NA,"Vasco da Gama","End of loan30.06.2025","Aston Villa","https://tmssl.akamaized.net//images/wappen/homepageSmall/405.png?lm=1717155982"
"Samuel Iling-JuniorS. Iling-Junior",21,NA,"Left-Back","LB","€10.00m",NA,"Middlesbrough","End of loan30.06.2025","Aston Villa","https://tmssl.akamaized.net//images/wappen/homepageSmall/405.png?lm=1717155982"
"Joe GauciJoe Gauci",24,NA,"Goalkeeper","GK","€1.50m",NA,"Barnsley","End of loan30.06.2025","Aston Villa","https://tmssl.akamaized.net//images/wappen/homepageSmall/405.png?lm=1717155982"
"Emiliano BuendíaE. Buendía",28,NA,"Attacking Midfield","AM","€15.00m",NA,"Leverkusen","End of loan30.06.2025","Aston Villa","https://tmssl.akamaized.net//images/wappen/homepageSmall/405.png?lm=1717155982"
"Lewis DobbinL. Dobbin",22,NA,"Left Winger","LW","€2.50m",NA,"Norwich","End of loan30.06.2025","Aston Villa","https://tmssl.akamaized.net//images/wappen/homepageSmall/405.png?lm=1717155982"
"Lewis DobbinL. Dobbin",23,NA,"Left Winger","LW","€2.50m",NA,"Preston","End of loan31.05.2026","Aston Villa","https://tmssl.akamaized.net//images/wappen/homepageSmall/405.png?lm=1717155982"
"Leander DendonckerL. Dendoncker",30,NA,"Defensive Midfield","DM","€4.50m",NA,"RSC Anderlecht","End of loan30.06.2025","Aston Villa","https://tmssl.akamaized.net//images/wappen/homepageSmall/405.png?lm=1717155982"
"Enzo BarrenecheaE. Barrenechea",24,NA,"Defensive Midfield","DM","€10.00m",NA,"Valencia","End of loan30.06.2025","Aston Villa","https://tmssl.akamaized.net//images/wappen/homepageSmall/405.png?lm=1717155982"
"Álex MorenoÁ. Moreno",32,NA,"Left-Back","LB","€7.00m",NA,"Nott'm Forest","End of loan30.06.2025","Aston Villa","https://tmssl.akamaized.net//images/wappen/homepageSmall/405.png?lm=1717155982"
"Kaine Kesler-HaydenK. Kesler-Hayden",22,NA,"Right-Back","RB","€2.50m",NA,"Preston","End of loan30.06.2025","Aston Villa","https://tmssl.akamaized.net//images/wappen/homepageSmall/405.png?lm=1717155982"
"Filip MarschallF. Marschall",22,NA,"Goalkeeper","GK","€800k",NA,"Crewe Alexandra","End of loan30.06.2025","Aston Villa","https://tmssl.akamaized.net//images/wappen/homepageSmall/405.png?lm=1717155982"
"Bafodé DiakitéB. Diakité",24,NA,"Centre-Back","CB","€28.00m",NA,"Lille","€35.00m","AFC Bournemouth","https://tmssl.akamaized.net//images/wappen/homepageSmall/989.png?lm=1457991811"
"Djordje PetrovicD. Petrovic",25,NA,"Goalkeeper","GK","€20.00m",NA,"Chelsea","€28.90m","AFC Bournemouth","https://tmssl.akamaized.net//images/wappen/homepageSmall/989.png?lm=1457991811"
"Ben DoakBen Doak",19,NA,"Right Winger","RW","€14.00m",NA,"Liverpool","€23.20m","AFC Bournemouth","https://tmssl.akamaized.net//images/wappen/homepageSmall/989.png?lm=1457991811"
"Amine AdliA. Adli",25,NA,"Left Winger","LW","€18.00m",NA,"Leverkusen","€21.00m","AFC Bournemouth","https://tmssl.akamaized.net//images/wappen/homepageSmall/989.png?lm=1457991811"
"Veljko MilosavljevicV. Milosavljevic",18,NA,"Centre-Back","CB","€1.00m",NA,"Red Star","€15.00m","AFC Bournemouth","https://tmssl.akamaized.net//images/wappen/homepageSmall/989.png?lm=1457991811"
"Adrien TruffertA. Truffert",23,NA,"Left-Back","LB","€15.00m",NA,"Stade Rennais","€13.50m","AFC Bournemouth","https://tmssl.akamaized.net//images/wappen/homepageSmall/989.png?lm=1457991811"
"Álex JiménezÁ. Jiménez",20,NA,"Right-Back","RB","€15.00m",NA,"AC Milan","Loan fee:€1.50m","AFC Bournemouth","https://tmssl.akamaized.net//images/wappen/homepageSmall/989.png?lm=1457991811"
"Callan McKennaC. McKenna",18,NA,"Goalkeeper","GK","€600k",NA,"Bournemouth U21","-","AFC Bournemouth","https://tmssl.akamaized.net//images/wappen/homepageSmall/989.png?lm=1457991811"
"Owen BevanO. Bevan",21,NA,"Centre-Back","CB","-",NA,"Bournemouth U21","-","AFC Bournemouth","https://tmssl.akamaized.net//images/wappen/homepageSmall/989.png?lm=1457991811"
"Ben WinterburnB. Winterburn",20,NA,"Defensive Midfield","DM","€500k",NA,"Bournemouth U21","-","AFC Bournemouth","https://tmssl.akamaized.net//images/wappen/homepageSmall/989.png?lm=1457991811"
"Joe RothwellJ. Rothwell",30,NA,"Central Midfield","CM","€1.80m",NA,"Leeds","End of loan30.06.2025","AFC Bournemouth","https://tmssl.akamaized.net//images/wappen/homepageSmall/989.png?lm=1457991811"
"Alex PaulsenA. Paulsen",22,NA,"Goalkeeper","GK","€750k",NA,"Auckland FC","End of loan30.06.2025","AFC Bournemouth","https://tmssl.akamaized.net//images/wappen/homepageSmall/989.png?lm=1457991811"
"Ben WinterburnB. Winterburn",21,NA,"Defensive Midfield","DM","€500k",NA,"Barnet","End of loan31.05.2026","AFC Bournemouth","https://tmssl.akamaized.net//images/wappen/homepageSmall/989.png?lm=1457991811"
"Romain FaivreR. Faivre",26,NA,"Attacking Midfield","AM","€6.00m",NA,"Stade Brestois","End of loan30.06.2025","AFC Bournemouth","https://tmssl.akamaized.net//images/wappen/homepageSmall/989.png?lm=1457991811"
"Hamed TraoréH. Traoré",25,NA,"Left Winger","LW","€20.00m",NA,"AJ Auxerre","End of loan30.06.2025","AFC Bournemouth","https://tmssl.akamaized.net//images/wappen/homepageSmall/989.png?lm=1457991811"
"Jaidon AnthonyJ. Anthony",25,NA,"Left Winger","LW","€9.00m",NA,"Burnley","End of loan30.06.2025","AFC Bournemouth","https://tmssl.akamaized.net//images/wappen/homepageSmall/989.png?lm=1457991811"
"NetoNeto",35,NA,"Goalkeeper","GK","€1.50m",NA,"Arsenal","End of loan30.06.2025","AFC Bournemouth","https://tmssl.akamaized.net//images/wappen/homepageSmall/989.png?lm=1457991811"
"Philip BillingP. Billing",29,NA,"Central Midfield","CM","€10.00m",NA,"Napoli","End of loan30.06.2025","AFC Bournemouth","https://tmssl.akamaized.net//images/wappen/homepageSmall/989.png?lm=1457991811"
"Max AaronsM. Aarons",25,NA,"Right-Back","RB","€6.00m",NA,"Valencia","End of loan30.06.2025","AFC Bournemouth","https://tmssl.akamaized.net//images/wappen/homepageSmall/989.png?lm=1457991811"
"Eli KroupiE. Kroupi",19,NA,"Centre-Forward","CF","€15.00m",NA,"FC Lorient","End of loan30.06.2025","AFC Bournemouth","https://tmssl.akamaized.net//images/wappen/homepageSmall/989.png?lm=1457991811"
"Dango OuattaraD. Ouattara",23,NA,"Left Winger","LW","€28.00m",NA,"Bournemouth","€42.80m","Brentford","https://tmssl.akamaized.net//images/wappen/homepageSmall/1148.png?lm=1625150543"
"Antoni MilamboA. Milambo",20,NA,"Attacking Midfield","AM","€18.00m",NA,"Feyenoord","€20.00m","Brentford","https://tmssl.akamaized.net//images/wappen/homepageSmall/1148.png?lm=1625150543"
"Michael KayodeM. Kayode",20,NA,"Right-Back","RB","€18.00m",NA,"Fiorentina","€17.50m","Brentford","https://tmssl.akamaized.net//images/wappen/homepageSmall/1148.png?lm=1625150543"
"Caoimhín KelleherC. Kelleher",26,NA,"Goalkeeper","GK","€20.00m",NA,"Liverpool","€14.80m","Brentford","https://tmssl.akamaized.net//images/wappen/homepageSmall/1148.png?lm=1625150543"
"Romelle DonovanR. Donovan",18,NA,"Right Winger","RW","€800k",NA,"Birmingham","€3.60m","Brentford","https://tmssl.akamaized.net//images/wappen/homepageSmall/1148.png?lm=1625150543"
"Jordan HendersonJ. Henderson",35,NA,"Defensive Midfield","DM","€2.50m",NA,"Ajax","free transfer","Brentford","https://tmssl.akamaized.net//images/wappen/homepageSmall/1148.png?lm=1625150543"
"Reiss NelsonR. Nelson",25,NA,"Left Winger","LW","€16.00m",NA,"Arsenal","loan transfer","Brentford","https://tmssl.akamaized.net//images/wappen/homepageSmall/1148.png?lm=1625150543"
"Julian EyestoneJ. Eyestone",19,NA,"Goalkeeper","GK","-",NA,"Brentford B","-","Brentford","https://tmssl.akamaized.net//images/wappen/homepageSmall/1148.png?lm=1625150543"
"Benjamin ArthurB. Arthur",19,NA,"Centre-Back","CB","-",NA,"Brentford B","-","Brentford","https://tmssl.akamaized.net//images/wappen/homepageSmall/1148.png?lm=1625150543"
"Frank OnyekaF. Onyeka",27,NA,"Central Midfield","CM","€7.00m",NA,"Augsburg","End of loan30.06.2025","Brentford","https://tmssl.akamaized.net//images/wappen/homepageSmall/1148.png?lm=1625150543"
"Ryan TrevittR. Trevitt",23,NA,"Central Midfield","CM","€275k",NA,"Wigan","End of loan31.05.2026","Brentford","https://tmssl.akamaized.net//images/wappen/homepageSmall/1148.png?lm=1625150543"
"Jayden MeghomaJ. Meghoma",19,NA,"Left-Back","LB","€500k",NA,"Rangers","End of loan31.05.2026","Brentford","https://tmssl.akamaized.net//images/wappen/homepageSmall/1148.png?lm=1625150543"
"Mads RoerslevM. Roerslev",26,NA,"Right-Back","RB","€6.00m",NA,"Wolfsburg","End of loan30.06.2025","Brentford","https://tmssl.akamaized.net//images/wappen/homepageSmall/1148.png?lm=1625150543"
"Ellery BalcombeE. Balcombe",25,NA,"Goalkeeper","GK","€400k",NA,"Motherwell FC","End of loan30.06.2025","Brentford","https://tmssl.akamaized.net//images/wappen/homepageSmall/1148.png?lm=1625150543"
"Jayden MeghomaJ. Meghoma",19,NA,"Left-Back","LB","€500k",NA,"Preston","End of loan30.06.2025","Brentford","https://tmssl.akamaized.net//images/wappen/homepageSmall/1148.png?lm=1625150543"
"Charalampos KostoulasC. Kostoulas",18,NA,"Centre-Forward","CF","€12.00m",NA,"Olympiacos","€35.00m","Brighton","https://tmssl.akamaized.net//images/wappen/homepageSmall/1237.png?lm=1492718902"
"Maxim De CuyperM. De Cuyper",24,NA,"Left-Back","LB","€16.00m",NA,"Club Brugge","€20.00m","Brighton","https://tmssl.akamaized.net//images/wappen/homepageSmall/1237.png?lm=1492718902"
"Tom WatsonT. Watson",19,NA,"Left Winger","LW","€8.00m",NA,"Sunderland","€12.00m","Brighton","https://tmssl.akamaized.net//images/wappen/homepageSmall/1237.png?lm=1492718902"
"Diego CoppolaD. Coppola",21,NA,"Centre-Back","CB","€10.00m",NA,"Hellas Verona","€11.00m","Brighton","https://tmssl.akamaized.net//images/wappen/homepageSmall/1237.png?lm=1492718902"
"Do-young YoonD. Yoon",18,NA,"Right Winger","RW","€800k",NA,"Daejeon Hana C.","€2.00m","Brighton","https://tmssl.akamaized.net//images/wappen/homepageSmall/1237.png?lm=1492718902"
"Olivier BoscagliO. Boscagli",27,NA,"Centre-Back","CB","€20.00m",NA,"PSV","free transfer","Brighton","https://tmssl.akamaized.net//images/wappen/homepageSmall/1237.png?lm=1492718902"
"James BeadleJ. Beadle",20,NA,"Goalkeeper","GK","€5.00m",NA,"Brighton U21","-","Brighton","https://tmssl.akamaized.net//images/wappen/homepageSmall/1237.png?lm=1492718902"
"Andrew MoranA. Moran",21,NA,"Attacking Midfield","AM","€3.50m",NA,"Brighton U21","-","Brighton","https://tmssl.akamaized.net//images/wappen/homepageSmall/1237.png?lm=1492718902"
"Facundo BuonanotteF. Buonanotte",20,NA,"Attacking Midfield","AM","€20.00m",NA,"Leicester","End of loan30.06.2025","Brighton","https://tmssl.akamaized.net//images/wappen/homepageSmall/1237.png?lm=1492718902"
"Ibrahim OsmanI. Osman",20,NA,"Left Winger","LW","€10.00m",NA,"Feyenoord","End of loan30.06.2025","Brighton","https://tmssl.akamaized.net//images/wappen/homepageSmall/1237.png?lm=1492718902"
"Abdallah SimaA. Sima",24,NA,"Left Winger","LW","€9.00m",NA,"Stade Brestois","End of loan30.06.2025","Brighton","https://tmssl.akamaized.net//images/wappen/homepageSmall/1237.png?lm=1492718902"
"James BeadleJ. Beadle",21,NA,"Goalkeeper","GK","€5.00m",NA,"Birmingham","End of loan31.05.2026","Brighton","https://tmssl.akamaized.net//images/wappen/homepageSmall/1237.png?lm=1492718902"
"Malick YalcouyéM. Yalcouyé",19,NA,"Central Midfield","CM","€17.00m",NA,"Sturm Graz","End of loan30.06.2025","Brighton","https://tmssl.akamaized.net//images/wappen/homepageSmall/1237.png?lm=1492718902"
"Julio EncisoJ. Enciso",21,NA,"Attacking Midfield","AM","€22.00m",NA,"Ipswich","End of loan30.06.2025","Brighton","https://tmssl.akamaized.net//images/wappen/homepageSmall/1237.png?lm=1492718902"
"Andrew MoranA. Moran",22,NA,"Attacking Midfield","AM","€3.50m",NA,"LAFC","End of loan31.12.2025","Brighton","https://tmssl.akamaized.net//images/wappen/homepageSmall/1237.png?lm=1492718902"
"Malick YalcouyéM. Yalcouyé",20,NA,"Central Midfield","CM","€17.00m",NA,"Swansea","End of loan31.05.2026","Brighton","https://tmssl.akamaized.net//images/wappen/homepageSmall/1237.png?lm=1492718902"
"Eiran CashinE. Cashin",24,NA,"Centre-Back","CB","€8.00m",NA,"Birmingham","End of loan31.05.2026","Brighton","https://tmssl.akamaized.net//images/wappen/homepageSmall/1237.png?lm=1492718902"
"Carl RushworthC. Rushworth",24,NA,"Goalkeeper","GK","€3.00m",NA,"Coventry","End of loan31.05.2026","Brighton","https://tmssl.akamaized.net//images/wappen/homepageSmall/1237.png?lm=1492718902"
"Valentín BarcoV. Barco",20,NA,"Central Midfield","CM","€12.00m",NA,"R. Strasbourg","End of loan30.06.2025","Brighton","https://tmssl.akamaized.net//images/wappen/homepageSmall/1237.png?lm=1492718902"
"Stefanos TzimasS. Tzimas",19,NA,"Centre-Forward","CF","€22.00m",NA,"1.FC Nuremberg","End of loan30.06.2025","Brighton","https://tmssl.akamaized.net//images/wappen/homepageSmall/1237.png?lm=1492718902"
"Evan FergusonE. Ferguson",20,NA,"Centre-Forward","CF","€25.00m",NA,"West Ham","End of loan30.06.2025","Brighton","https://tmssl.akamaized.net//images/wappen/homepageSmall/1237.png?lm=1492718902"
"Kjell ScherpenK. Scherpen",25,NA,"Goalkeeper","GK","€5.00m",NA,"Sturm Graz","End of loan30.06.2025","Brighton","https://tmssl.akamaized.net//images/wappen/homepageSmall/1237.png?lm=1492718902"
"Amario Cozier-DuberryA. Cozier-Duberry",21,NA,"Right Winger","RW","€2.00m",NA,"Bolton","End of loan31.05.2026","Brighton","https://tmssl.akamaized.net//images/wappen/homepageSmall/1237.png?lm=1492718902"
"Lesley UgochukwuL. Ugochukwu",21,NA,"Defensive Midfield","DM","€18.00m",NA,"Chelsea","€28.70m","Burnley","https://tmssl.akamaized.net//images/wappen/homepageSmall/1132.png?lm=1686818840"
"Armando BrojaA. Broja",23,NA,"Centre-Forward","CF","€12.00m",NA,"Chelsea","€23.00m","Burnley","https://tmssl.akamaized.net//images/wappen/homepageSmall/1132.png?lm=1686818840"
"Loum TchaounaL. Tchaouna",21,NA,"Right Winger","RW","€10.00m",NA,"Lazio","€15.15m","Burnley","https://tmssl.akamaized.net//images/wappen/homepageSmall/1132.png?lm=1686818840"
"Bashir HumphreysB. Humphreys",22,NA,"Left-Back","LB","€7.00m",NA,"Chelsea","€14.00m","Burnley","https://tmssl.akamaized.net//images/wappen/homepageSmall/1132.png?lm=1686818840"
"Quilindschy HartmanQ. Hartman",23,NA,"Left-Back","LB","€14.00m",NA,"Feyenoord","€10.00m","Burnley","https://tmssl.akamaized.net//images/wappen/homepageSmall/1132.png?lm=1686818840"
"Marcus EdwardsM. Edwards",26,NA,"Right Winger","RW","€12.00m",NA,"Sporting","€10.00m","Burnley","https://tmssl.akamaized.net//images/wappen/homepageSmall/1132.png?lm=1686818840"
"Jaidon AnthonyJ. Anthony",25,NA,"Left Winger","LW","€9.00m",NA,"Bournemouth","€9.50m","Burnley","https://tmssl.akamaized.net//images/wappen/homepageSmall/1132.png?lm=1686818840"
"Zian FlemmingZ. Flemming",26,NA,"Centre-Forward","CF","€6.50m",NA,"Millwall","€8.30m","Burnley","https://tmssl.akamaized.net//images/wappen/homepageSmall/1132.png?lm=1686818840"
"Max WeißMax Weiß",21,NA,"Goalkeeper","GK","€4.00m",NA,"Karlsruher SC","€4.00m","Burnley","https://tmssl.akamaized.net//images/wappen/homepageSmall/1132.png?lm=1686818840"
"Jacob Bruun LarsenJ. Bruun Larsen",26,NA,"Left Winger","LW","€5.00m",NA,"Stuttgart","€4.00m","Burnley","https://tmssl.akamaized.net//images/wappen/homepageSmall/1132.png?lm=1686818840"
"FlorentinoFlorentino",26,NA,"Defensive Midfield","DM","€22.00m",NA,"Benfica","Loan fee:€2.00m","Burnley","https://tmssl.akamaized.net//images/wappen/homepageSmall/1132.png?lm=1686818840"
"Axel TuanzebeA. Tuanzebe",27,NA,"Right-Back","RB","€5.00m",NA,"Ipswich","free transfer","Burnley","https://tmssl.akamaized.net//images/wappen/homepageSmall/1132.png?lm=1686818840"
"Martin DúbravkaM. Dúbravka",36,NA,"Goalkeeper","GK","€1.00m",NA,"Newcastle","?","Burnley","https://tmssl.akamaized.net//images/wappen/homepageSmall/1132.png?lm=1686818840"
"Kyle WalkerK. Walker",35,NA,"Right-Back","RB","€4.00m",NA,"Man City","?","Burnley","https://tmssl.akamaized.net//images/wappen/homepageSmall/1132.png?lm=1686818840"
"Darko ChurlinovD. Churlinov",24,NA,"Left Winger","LW","€1.50m",NA,"Jagiellonia","End of loan30.06.2025","Burnley","https://tmssl.akamaized.net//images/wappen/homepageSmall/1132.png?lm=1686818840"
"Hannes DelcroixH. Delcroix",26,NA,"Centre-Back","CB","€3.50m",NA,"Swansea","End of loan30.06.2025","Burnley","https://tmssl.akamaized.net//images/wappen/homepageSmall/1132.png?lm=1686818840"
"Benson ManuelB. Manuel",29,NA,"Right Winger","RW","€3.50m",NA,"Swansea","End of loan31.05.2026","Burnley","https://tmssl.akamaized.net//images/wappen/homepageSmall/1132.png?lm=1686818840"
"Aaron RamseyA. Ramsey",23,NA,"Attacking Midfield","AM","€10.00m",NA,"Leicester","End of loan31.05.2026","Burnley","https://tmssl.akamaized.net//images/wappen/homepageSmall/1132.png?lm=1686818840"
"Zeki AmdouniZ. Amdouni",24,NA,"Centre-Forward","CF","€12.00m",NA,"Benfica","End of loan30.06.2025","Burnley","https://tmssl.akamaized.net//images/wappen/homepageSmall/1132.png?lm=1686818840"
"Oluwaseun AdewumiO. Adewumi",20,NA,"Attacking Midfield","AM","€350k",NA,"Dundee FC","End of loan30.06.2025","Burnley","https://tmssl.akamaized.net//images/wappen/homepageSmall/1132.png?lm=1686818840"
"Owen DodgsonO. Dodgson",23,NA,"Left-Back","LB","€300k",NA,"Stockport","End of loan31.05.2026","Burnley","https://tmssl.akamaized.net//images/wappen/homepageSmall/1132.png?lm=1686818840"
"Andréas HountondjiA. Hountondji",22,NA,"Centre-Forward","CF","€2.50m",NA,"Standard Liège","End of loan30.06.2025","Burnley","https://tmssl.akamaized.net//images/wappen/homepageSmall/1132.png?lm=1686818840"
"Han-Noah MassengoH. Massengo",23,NA,"Central Midfield","CM","€5.00m",NA,"AJ Auxerre","End of loan30.06.2025","Burnley","https://tmssl.akamaized.net//images/wappen/homepageSmall/1132.png?lm=1686818840"
"Hjalmar EkdalH. Ekdal",26,NA,"Centre-Back","CB","€4.50m",NA,"FC Groningen","End of loan30.06.2025","Burnley","https://tmssl.akamaized.net//images/wappen/homepageSmall/1132.png?lm=1686818840"
"João PedroJoão Pedro",23,NA,"Centre-Forward","CF","€50.00m",NA,"Brighton","€70.00m","Chelsea","https://tmssl.akamaized.net//images/wappen/homepageSmall/631.png?lm=1682435911"
"Jamie GittensJ. Gittens",20,NA,"Left Winger","LW","€50.00m",NA,"Dortmund","€56.00m","Chelsea","https://tmssl.akamaized.net//images/wappen/homepageSmall/631.png?lm=1682435911"
"Alejandro GarnachoA. Garnacho",21,NA,"Left Winger","LW","€45.00m",NA,"Man Utd","€46.20m","Chelsea","https://tmssl.akamaized.net//images/wappen/homepageSmall/631.png?lm=1682435911"
"EstêvãoEstêvão",18,NA,"Right Winger","RW","€60.00m",NA,"Palmeiras","€45.00m","Chelsea","https://tmssl.akamaized.net//images/wappen/homepageSmall/631.png?lm=1682435911"
"Jorrel HatoJ. Hato",19,NA,"Left-Back","LB","€35.00m",NA,"Ajax","€44.18m","Chelsea","https://tmssl.akamaized.net//images/wappen/homepageSmall/631.png?lm=1682435911"
"Liam DelapL. Delap",22,NA,"Centre-Forward","CF","€40.00m",NA,"Ipswich","€35.50m","Chelsea","https://tmssl.akamaized.net//images/wappen/homepageSmall/631.png?lm=1682435911"
"Dário EssugoD. Essugo",20,NA,"Defensive Midfield","DM","€20.00m",NA,"Sporting","€22.27m","Chelsea","https://tmssl.akamaized.net//images/wappen/homepageSmall/631.png?lm=1682435911"
"Mamadou SarrM. Sarr",19,NA,"Centre-Back","CB","€20.00m",NA,"R. Strasbourg","€14.00m","Chelsea","https://tmssl.akamaized.net//images/wappen/homepageSmall/631.png?lm=1682435911"
"Kendry PáezK. Páez",18,NA,"Attacking Midfield","AM","€10.00m",NA,"Independiente","€10.00m","Chelsea","https://tmssl.akamaized.net//images/wappen/homepageSmall/631.png?lm=1682435911"
"Facundo BuonanotteF. Buonanotte",20,NA,"Attacking Midfield","AM","€20.00m",NA,"Brighton","Loan fee:€2.30m","Chelsea","https://tmssl.akamaized.net//images/wappen/homepageSmall/631.png?lm=1682435911"
"João FélixJ. Félix",25,NA,"Second Striker","SS","€20.00m",NA,"AC Milan","End of loan30.06.2025","Chelsea","https://tmssl.akamaized.net//images/wappen/homepageSmall/631.png?lm=1682435911"
"Carney ChukwuemekaC. Chukwuemeka",21,NA,"Central Midfield","CM","€18.00m",NA,"Dortmund","End of loan06.07.2025","Chelsea","https://tmssl.akamaized.net//images/wappen/homepageSmall/631.png?lm=1682435911"
"Mike PendersM. Penders",19,NA,"Goalkeeper","GK","€10.00m",NA,"Genk","End of loan01.06.2025","Chelsea","https://tmssl.akamaized.net//images/wappen/homepageSmall/631.png?lm=1682435911"
"Kepa ArrizabalagaK. Arrizabalaga",30,NA,"Goalkeeper","GK","€10.00m",NA,"Bournemouth","End of loan30.06.2025","Chelsea","https://tmssl.akamaized.net//images/wappen/homepageSmall/631.png?lm=1682435911"
"Djordje PetrovicD. Petrovic",25,NA,"Goalkeeper","GK","€20.00m",NA,"R. Strasbourg","End of loan30.06.2025","Chelsea","https://tmssl.akamaized.net//images/wappen/homepageSmall/631.png?lm=1682435911"
"Marc GuiuMarc Guiu",19,NA,"Centre-Forward","CF","€8.00m",NA,"Sunderland","End of loan01.09.2025","Chelsea","https://tmssl.akamaized.net//images/wappen/homepageSmall/631.png?lm=1682435911"
"Raheem SterlingR. Sterling",30,NA,"Right Winger","RW","€10.00m",NA,"Arsenal","End of loan30.06.2025","Chelsea","https://tmssl.akamaized.net//images/wappen/homepageSmall/631.png?lm=1682435911"
"Armando BrojaA. Broja",23,NA,"Centre-Forward","CF","€12.00m",NA,"Everton","End of loan30.06.2025","Chelsea","https://tmssl.akamaized.net//images/wappen/homepageSmall/631.png?lm=1682435911"
"Caleb WileyC. Wiley",21,NA,"Left-Back","LB","€8.00m",NA,"Watford","End of loan31.05.2026","Chelsea","https://tmssl.akamaized.net//images/wappen/homepageSmall/631.png?lm=1682435911"
"Ben ChilwellB. Chilwell",28,NA,"Left-Back","LB","€15.00m",NA,"Crystal Palace","End of loan30.06.2025","Chelsea","https://tmssl.akamaized.net//images/wappen/homepageSmall/631.png?lm=1682435911"
"Axel DisasiA. Disasi",27,NA,"Centre-Back","CB","€22.00m",NA,"Aston Villa","End of loan30.06.2025","Chelsea","https://tmssl.akamaized.net//images/wappen/homepageSmall/631.png?lm=1682435911"
"Deivid WashingtonDeivid Washington",20,NA,"Centre-Forward","CF","€8.00m",NA,"Santos","End of loan01.09.2025","Chelsea","https://tmssl.akamaized.net//images/wappen/homepageSmall/631.png?lm=1682435911"
"Renato VeigaR. Veiga",21,NA,"Centre-Back","CB","€18.00m",NA,"Juventus","End of loan10.06.2025","Chelsea","https://tmssl.akamaized.net//images/wappen/homepageSmall/631.png?lm=1682435911"
"Bashir HumphreysB. Humphreys",22,NA,"Left-Back","LB","€7.00m",NA,"Burnley","End of loan30.06.2025","Chelsea","https://tmssl.akamaized.net//images/wappen/homepageSmall/631.png?lm=1682435911"
"Lesley UgochukwuL. Ugochukwu",21,NA,"Defensive Midfield","DM","€18.00m",NA,"Southampton","End of loan30.06.2025","Chelsea","https://tmssl.akamaized.net//images/wappen/homepageSmall/631.png?lm=1682435911"
"Alfie GilchristA. Gilchrist",21,NA,"Right-Back","RB","€8.00m",NA,"Sheff Utd","End of loan30.06.2025","Chelsea","https://tmssl.akamaized.net//images/wappen/homepageSmall/631.png?lm=1682435911"
"Yéremy PinoY. Pino",22,NA,"Right Winger","RW","€30.00m",NA,"Villarreal","€30.00m","Crystal Palace","https://tmssl.akamaized.net//images/wappen/homepageSmall/873.png?lm=1457723287"
"Jaydee CanvotJ. Canvot",19,NA,"Centre-Back","CB","€4.00m",NA,"Toulouse","€23.00m","Crystal Palace","https://tmssl.akamaized.net//images/wappen/homepageSmall/873.png?lm=1457723287"
"Borna SosaB. Sosa",27,NA,"Left-Back","LB","€4.50m",NA,"Ajax","€2.30m","Crystal Palace","https://tmssl.akamaized.net//images/wappen/homepageSmall/873.png?lm=1457723287"
"Walter BenítezW. Benítez",32,NA,"Goalkeeper","GK","€7.50m",NA,"PSV","free transfer","Crystal Palace","https://tmssl.akamaized.net//images/wappen/homepageSmall/873.png?lm=1457723287"
"Hindolo MustaphaH. Mustapha",18,NA,"Attacking Midfield","AM","-",NA,"Palace U21","-","Crystal Palace","https://tmssl.akamaized.net//images/wappen/homepageSmall/873.png?lm=1457723287"
"Kaden RodneyK. Rodney",19,NA,"Defensive Midfield","DM","€200k",NA,"Palace U21","-","Crystal Palace","https://tmssl.akamaized.net//images/wappen/homepageSmall/873.png?lm=1457723287"
"Rio CardinesR. Cardines",19,NA,"Left-Back","LB","-",NA,"Palace U21","-","Crystal Palace","https://tmssl.akamaized.net//images/wappen/homepageSmall/873.png?lm=1457723287"
"Christantus UcheC. Uche",22,NA,"Centre-Forward","CF","€15.00m",NA,"Getafe","loan transfer","Crystal Palace","https://tmssl.akamaized.net//images/wappen/homepageSmall/873.png?lm=1457723287"
"Joe WhitworthJ. Whitworth",22,NA,"Goalkeeper","GK","€1.70m",NA,"Exeter City","End of loan31.05.2026","Crystal Palace","https://tmssl.akamaized.net//images/wappen/homepageSmall/873.png?lm=1457723287"
"Jesurun Rak-SakyiJ. Rak-Sakyi",22,NA,"Right Winger","RW","€6.00m",NA,"Sheff Utd","End of loan30.06.2025","Crystal Palace","https://tmssl.akamaized.net//images/wappen/homepageSmall/873.png?lm=1457723287"
"David OzohD. Ozoh",21,NA,"Defensive Midfield","DM","€700k",NA,"Derby","End of loan31.05.2026","Crystal Palace","https://tmssl.akamaized.net//images/wappen/homepageSmall/873.png?lm=1457723287"
"Jeffrey SchluppJ. Schlupp",32,NA,"Left Midfield","LM","€3.00m",NA,"Celtic","End of loan30.06.2025","Crystal Palace","https://tmssl.akamaized.net//images/wappen/homepageSmall/873.png?lm=1457723287"
"Rob HoldingR. Holding",29,NA,"Centre-Back","CB","€3.50m",NA,"Sheff Utd","End of loan30.06.2025","Crystal Palace","https://tmssl.akamaized.net//images/wappen/homepageSmall/873.png?lm=1457723287"
"Luke PlangeL. Plange",22,NA,"Centre-Forward","CF","€500k",NA,"Motherwell FC","End of loan30.06.2025","Crystal Palace","https://tmssl.akamaized.net//images/wappen/homepageSmall/873.png?lm=1457723287"
"Odsonne ÉdouardO. Édouard",27,NA,"Centre-Forward","CF","€8.00m",NA,"Leicester","End of loan30.06.2025","Crystal Palace","https://tmssl.akamaized.net//images/wappen/homepageSmall/873.png?lm=1457723287"
"Naouirou AhamadaN. Ahamada",23,NA,"Central Midfield","CM","€3.50m",NA,"Stade Rennais","End of loan30.06.2025","Crystal Palace","https://tmssl.akamaized.net//images/wappen/homepageSmall/873.png?lm=1457723287"
"Tyler DiblingT. Dibling",19,NA,"Right Winger","RW","€25.00m",NA,"Southampton","€40.50m","Everton","https://tmssl.akamaized.net//images/wappen/homepageSmall/29.png?lm=1445949846"
"Thierno BarryT. Barry",22,NA,"Centre-Forward","CF","€20.00m",NA,"Villarreal","€30.00m","Everton","https://tmssl.akamaized.net//images/wappen/homepageSmall/29.png?lm=1445949846"
"Kiernan Dewsbury-HallK. Dewsbury-Hall",26,NA,"Central Midfield","CM","€20.00m",NA,"Chelsea","€28.65m","Everton","https://tmssl.akamaized.net//images/wappen/homepageSmall/29.png?lm=1445949846"
"Carlos AlcarazC. Alcaraz",22,NA,"Central Midfield","CM","€14.00m",NA,"Flamengo","€15.00m","Everton","https://tmssl.akamaized.net//images/wappen/homepageSmall/29.png?lm=1445949846"
"Adam AznouA. Aznou",19,NA,"Left-Back","LB","€4.00m",NA,"Bayern Munich","€9.00m","Everton","https://tmssl.akamaized.net//images/wappen/homepageSmall/29.png?lm=1445949846"
"Mark TraversM. Travers",26,NA,"Goalkeeper","GK","€4.00m",NA,"Bournemouth","€4.60m","Everton","https://tmssl.akamaized.net//images/wappen/homepageSmall/29.png?lm=1445949846"
"Merlin RöhlM. Röhl",23,NA,"Attacking Midfield","AM","€12.00m",NA,"Freiburg","Loan fee:€2.00m","Everton","https://tmssl.akamaized.net//images/wappen/homepageSmall/29.png?lm=1445949846"
"Tom KingTom King",30,NA,"Goalkeeper","GK","€200k",NA,"Wolves","?","Everton","https://tmssl.akamaized.net//images/wappen/homepageSmall/29.png?lm=1445949846"
"Jack GrealishJ. Grealish",29,NA,"Left Winger","LW","€28.00m",NA,"Man City","loan transfer","Everton","https://tmssl.akamaized.net//images/wappen/homepageSmall/29.png?lm=1445949846"
"Tyler OnyangoT. Onyango",22,NA,"Central Midfield","CM","€300k",NA,"Everton U21","-","Everton","https://tmssl.akamaized.net//images/wappen/homepageSmall/29.png?lm=1445949846"
"Isaac HeathI. Heath",20,NA,"Left Winger","LW","-",NA,"Everton U21","-","Everton","https://tmssl.akamaized.net//images/wappen/homepageSmall/29.png?lm=1445949846"
"Harry TyrerH. Tyrer",23,NA,"Goalkeeper","GK","€400k",NA,"Blackpool","End of loan30.06.2025","Everton","https://tmssl.akamaized.net//images/wappen/homepageSmall/29.png?lm=1445949846"
"Tyler OnyangoT. Onyango",23,NA,"Central Midfield","CM","€300k",NA,"Stockport","End of loan31.05.2026","Everton","https://tmssl.akamaized.net//images/wappen/homepageSmall/29.png?lm=1445949846"
"Isaac HeathI. Heath",21,NA,"Left Winger","LW","-",NA,"Accrington","End of loan31.05.2026","Everton","https://tmssl.akamaized.net//images/wappen/homepageSmall/29.png?lm=1445949846"
"Neal MaupayN. Maupay",28,NA,"Centre-Forward","CF","€8.00m",NA,"Marseille","End of loan30.06.2025","Everton","https://tmssl.akamaized.net//images/wappen/homepageSmall/29.png?lm=1445949846"
"Billy CrellinB. Crellin",25,NA,"Goalkeeper","GK","€125k",NA,"Accrington","End of loan30.06.2025","Everton","https://tmssl.akamaized.net//images/wappen/homepageSmall/29.png?lm=1445949846"
"Mason HolgateM. Holgate",28,NA,"Centre-Back","CB","€4.00m",NA,"West Brom","End of loan30.06.2025","Everton","https://tmssl.akamaized.net//images/wappen/homepageSmall/29.png?lm=1445949846"
"Harrison ArmstrongH. Armstrong",18,NA,"Central Midfield","CM","€800k",NA,"Derby","End of loan30.06.2025","Everton","https://tmssl.akamaized.net//images/wappen/homepageSmall/29.png?lm=1445949846"
"KevinKevin",22,NA,"Left Winger","LW","€12.00m",NA,"Shakhtar D.","€40.00m","Fulham","https://tmssl.akamaized.net//images/wappen/homepageSmall/931.png?lm=1556831687"
"Jonah Kusi-AsareJ. Kusi-Asare",18,NA,"Centre-Forward","CF","€2.50m",NA,"Bayern Munich","Loan fee:€4.00m","Fulham","https://tmssl.akamaized.net//images/wappen/homepageSmall/931.png?lm=1556831687"
"Benjamin LecomteB. Lecomte",34,NA,"Goalkeeper","GK","€1.50m",NA,"Montpellier","€500k","Fulham","https://tmssl.akamaized.net//images/wappen/homepageSmall/931.png?lm=1556831687"
"Samuel ChukwuezeS. Chukwueze",26,NA,"Right Winger","RW","€10.00m",NA,"AC Milan","loan transfer","Fulham","https://tmssl.akamaized.net//images/wappen/homepageSmall/931.png?lm=1556831687"
"Luke HarrisL. Harris",20,NA,"Attacking Midfield","AM","€1.00m",NA,"Birmingham","End of loan30.06.2025","Fulham","https://tmssl.akamaized.net//images/wappen/homepageSmall/931.png?lm=1556831687"
"Anton StachA. Stach",26,NA,"Defensive Midfield","DM","€14.00m",NA,"Hoffenheim","€20.00m","Leeds United","https://tmssl.akamaized.net//images/wappen/homepageSmall/399.png?lm=1645652224"
"Noah OkaforN. Okafor",25,NA,"Left Winger","LW","€13.00m",NA,"AC Milan","€19.00m","Leeds United","https://tmssl.akamaized.net//images/wappen/homepageSmall/399.png?lm=1645652224"
"Jaka BijolJ. Bijol",26,NA,"Centre-Back","CB","€18.00m",NA,"Udinese","€18.00m","Leeds United","https://tmssl.akamaized.net//images/wappen/homepageSmall/399.png?lm=1645652224"
"Lucas PerriL. Perri",27,NA,"Goalkeeper","GK","€10.00m",NA,"Lyon","€16.00m","Leeds United","https://tmssl.akamaized.net//images/wappen/homepageSmall/399.png?lm=1645652224"
"Sean LongstaffS. Longstaff",27,NA,"Central Midfield","CM","€20.00m",NA,"Newcastle","€13.80m","Leeds United","https://tmssl.akamaized.net//images/wappen/homepageSmall/399.png?lm=1645652224"
"Gabriel GudmundssonG. Gudmundsson",26,NA,"Left-Back","LB","€7.00m",NA,"Lille","€11.60m","Leeds United","https://tmssl.akamaized.net//images/wappen/homepageSmall/399.png?lm=1645652224"
"James JustinJ. Justin",27,NA,"Right-Back","RB","€13.00m",NA,"Leicester","€9.30m","Leeds United","https://tmssl.akamaized.net//images/wappen/homepageSmall/399.png?lm=1645652224"
"Sebastiaan BornauwS. Bornauw",26,NA,"Centre-Back","CB","€6.00m",NA,"Wolfsburg","€6.00m","Leeds United","https://tmssl.akamaized.net//images/wappen/homepageSmall/399.png?lm=1645652224"
"Dominic Calvert-LewinD. Calvert-Lewin",28,NA,"Centre-Forward","CF","€16.00m",NA,"Everton","free transfer","Leeds United","https://tmssl.akamaized.net//images/wappen/homepageSmall/399.png?lm=1645652224"
"Lukas NmechaL. Nmecha",26,NA,"Centre-Forward","CF","€3.00m",NA,"Wolfsburg","free transfer","Leeds United","https://tmssl.akamaized.net//images/wappen/homepageSmall/399.png?lm=1645652224"
"Rasmus KristensenR. Kristensen",27,NA,"Right-Back","RB","€14.00m",NA,"Frankfurt","End of loan30.06.2025","Leeds United","https://tmssl.akamaized.net//images/wappen/homepageSmall/399.png?lm=1645652224"
"Sam ChambersS. Chambers",17,NA,"Attacking Midfield","AM","€200k",NA,"Leeds U21","-","Leeds United","https://tmssl.akamaized.net//images/wappen/homepageSmall/399.png?lm=1645652224"
"Charlie CrewC. Crew",19,NA,"Defensive Midfield","DM","€150k",NA,"Doncaster","End of loan31.05.2026","Leeds United","https://tmssl.akamaized.net//images/wappen/homepageSmall/399.png?lm=1645652224"
"Sam GreenwoodS. Greenwood",23,NA,"Attacking Midfield","AM","€4.50m",NA,"Preston","End of loan30.06.2025","Leeds United","https://tmssl.akamaized.net//images/wappen/homepageSmall/399.png?lm=1645652224"
"Joe GelhardtJ. Gelhardt",23,NA,"Centre-Forward","CF","€3.00m",NA,"Hull City","End of loan30.06.2025","Leeds United","https://tmssl.akamaized.net//images/wappen/homepageSmall/399.png?lm=1645652224"
"Jack HarrisonJ. Harrison",28,NA,"Left Winger","LW","€14.00m",NA,"Everton","End of loan30.06.2025","Leeds United","https://tmssl.akamaized.net//images/wappen/homepageSmall/399.png?lm=1645652224"
"Alexander IsakA. Isak",25,NA,"Centre-Forward","CF","€120.00m",NA,"Newcastle","€145.00m","Liverpool","https://tmssl.akamaized.net//images/wappen/homepageSmall/31.png?lm=1727873452"
"Florian WirtzF. Wirtz",22,NA,"Attacking Midfield","AM","€140.00m",NA,"Leverkusen","€125.00m","Liverpool","https://tmssl.akamaized.net//images/wappen/homepageSmall/31.png?lm=1727873452"
"Hugo EkitikéH. Ekitiké",23,NA,"Centre-Forward","CF","€75.00m",NA,"Frankfurt","€95.00m","Liverpool","https://tmssl.akamaized.net//images/wappen/homepageSmall/31.png?lm=1727873452"
"Milos KerkezM. Kerkez",21,NA,"Left-Back","LB","€45.00m",NA,"Bournemouth","€46.90m","Liverpool","https://tmssl.akamaized.net//images/wappen/homepageSmall/31.png?lm=1727873452"
"Jeremie FrimpongJ. Frimpong",24,NA,"Right-Back","RB","€50.00m",NA,"Leverkusen","€40.00m","Liverpool","https://tmssl.akamaized.net//images/wappen/homepageSmall/31.png?lm=1727873452"
"Giovanni LeoniG. Leoni",18,NA,"Centre-Back","CB","€18.00m",NA,"Parma","€31.00m","Liverpool","https://tmssl.akamaized.net//images/wappen/homepageSmall/31.png?lm=1727873452"
"Freddie WoodmanF. Woodman",28,NA,"Goalkeeper","GK","€3.50m",NA,"Preston","free transfer","Liverpool","https://tmssl.akamaized.net//images/wappen/homepageSmall/31.png?lm=1727873452"
"Rio NgumohaR. Ngumoha",16,NA,"Left Winger","LW","-",NA,"Liverpool U18","-","Liverpool","https://tmssl.akamaized.net//images/wappen/homepageSmall/31.png?lm=1727873452"
"Trey NyoniT. Nyoni",18,NA,"Central Midfield","CM","€4.50m",NA,"Liverpool U21","-","Liverpool","https://tmssl.akamaized.net//images/wappen/homepageSmall/31.png?lm=1727873452"
"Harvey DaviesH. Davies",22,NA,"Goalkeeper","GK","€500k",NA,"Crawley Town","End of loan31.05.2026","Liverpool","https://tmssl.akamaized.net//images/wappen/homepageSmall/31.png?lm=1727873452"
"Rhys WilliamsR. Williams",24,NA,"Centre-Back","CB","€700k",NA,"Morecambe FC","End of loan30.06.2025","Liverpool","https://tmssl.akamaized.net//images/wappen/homepageSmall/31.png?lm=1727873452"
"Stefan BajceticS. Bajcetic",20,NA,"Defensive Midfield","DM","€9.00m",NA,"UD Las Palmas","End of loan30.06.2025","Liverpool","https://tmssl.akamaized.net//images/wappen/homepageSmall/31.png?lm=1727873452"
"Ben DoakBen Doak",19,NA,"Right Winger","RW","€14.00m",NA,"Middlesbrough","End of loan30.06.2025","Liverpool","https://tmssl.akamaized.net//images/wappen/homepageSmall/31.png?lm=1727873452"
"Nat PhillipsN. Phillips",28,NA,"Centre-Back","CB","€3.00m",NA,"Derby","End of loan30.06.2025","Liverpool","https://tmssl.akamaized.net//images/wappen/homepageSmall/31.png?lm=1727873452"
"Giorgi MamardashviliG. Mamardashvili",24,NA,"Goalkeeper","GK","€30.00m",NA,"Valencia","End of loan30.06.2025","Liverpool","https://tmssl.akamaized.net//images/wappen/homepageSmall/31.png?lm=1727873452"
"Tijjani ReijndersT. Reijnders",26,NA,"Central Midfield","CM","€50.00m",NA,"AC Milan","€55.00m","Manchester City","https://tmssl.akamaized.net//images/wappen/homepageSmall/281.png?lm=1467356331"
"Rayan Aït-NouriR. Aït-Nouri",24,NA,"Left-Back","LB","€35.00m",NA,"Wolves","€36.80m","Manchester City","https://tmssl.akamaized.net//images/wappen/homepageSmall/281.png?lm=1467356331"
"Rayan CherkiR. Cherki",21,NA,"Right Winger","RW","€45.00m",NA,"Lyon","€36.50m","Manchester City","https://tmssl.akamaized.net//images/wappen/homepageSmall/281.png?lm=1467356331"
"James TraffordJ. Trafford",22,NA,"Goalkeeper","GK","€22.00m",NA,"Burnley","€31.20m","Manchester City","https://tmssl.akamaized.net//images/wappen/homepageSmall/281.png?lm=1467356331"
"Gianluigi DonnarummaG. Donnarumma",26,NA,"Goalkeeper","GK","€40.00m",NA,"PSG","€30.00m","Manchester City","https://tmssl.akamaized.net//images/wappen/homepageSmall/281.png?lm=1467356331"
"Sverre NypanS. Nypan",18,NA,"Central Midfield","CM","€15.00m",NA,"Rosenborg","€15.00m","Manchester City","https://tmssl.akamaized.net//images/wappen/homepageSmall/281.png?lm=1467356331"
"Marcus BettinelliM. Bettinelli",33,NA,"Goalkeeper","GK","€600k",NA,"Chelsea","€2.40m","Manchester City","https://tmssl.akamaized.net//images/wappen/homepageSmall/281.png?lm=1467356331"
"Jack GrealishJ. Grealish",30,NA,"Left Winger","LW","€28.00m",NA,"Everton","End of loan30.06.2026","Manchester City","https://tmssl.akamaized.net//images/wappen/homepageSmall/281.png?lm=1467356331"
"Sverre NypanS. Nypan",19,NA,"Central Midfield","CM","€15.00m",NA,"Middlesbrough","End of loan31.05.2026","Manchester City","https://tmssl.akamaized.net//images/wappen/homepageSmall/281.png?lm=1467356331"
"Juma BahJuma Bah",19,NA,"Centre-Back","CB","€6.00m",NA,"Lens","End of loan30.06.2025","Manchester City","https://tmssl.akamaized.net//images/wappen/homepageSmall/281.png?lm=1467356331"
"Kyle WalkerK. Walker",35,NA,"Right-Back","RB","€4.00m",NA,"AC Milan","End of loan30.06.2025","Manchester City","https://tmssl.akamaized.net//images/wappen/homepageSmall/281.png?lm=1467356331"
"Josh Wilson-EsbrandJ. Wilson-Esbrand",22,NA,"Left-Back","LB","€4.00m",NA,"Stoke City","End of loan30.06.2025","Manchester City","https://tmssl.akamaized.net//images/wappen/homepageSmall/281.png?lm=1467356331"
"Issa KaboréI. Kaboré",24,NA,"Right-Back","RB","€4.00m",NA,"Werder Bremen","End of loan30.06.2025","Manchester City","https://tmssl.akamaized.net//images/wappen/homepageSmall/281.png?lm=1467356331"
"Máximo PerroneM. Perrone",22,NA,"Defensive Midfield","DM","€12.00m",NA,"Como","End of loan30.06.2025","Manchester City","https://tmssl.akamaized.net//images/wappen/homepageSmall/281.png?lm=1467356331"
"Kalvin PhillipsK. Phillips",29,NA,"Defensive Midfield","DM","€12.00m",NA,"Ipswich","End of loan30.06.2025","Manchester City","https://tmssl.akamaized.net//images/wappen/homepageSmall/281.png?lm=1467356331"
"Yan CoutoYan Couto",23,NA,"Right-Back","RB","€20.00m",NA,"Dortmund","End of loan30.06.2025","Manchester City","https://tmssl.akamaized.net//images/wappen/homepageSmall/281.png?lm=1467356331"
"Benjamin SeskoB. Sesko",22,NA,"Centre-Forward","CF","€70.00m",NA,"Leipzig","€76.50m","Manchester United","https://tmssl.akamaized.net//images/wappen/homepageSmall/985.png?lm=1457975903"
"Bryan MbeumoB. Mbeumo",25,NA,"Right Winger","RW","€55.00m",NA,"Brentford","€75.00m","Manchester United","https://tmssl.akamaized.net//images/wappen/homepageSmall/985.png?lm=1457975903"
"Matheus CunhaM. Cunha",26,NA,"Second Striker","SS","€60.00m",NA,"Wolves","€74.20m","Manchester United","https://tmssl.akamaized.net//images/wappen/homepageSmall/985.png?lm=1457975903"
"Senne LammensS. Lammens",23,NA,"Goalkeeper","GK","€9.00m",NA,"Royal Antwerp","€21.00m","Manchester United","https://tmssl.akamaized.net//images/wappen/homepageSmall/985.png?lm=1457975903"
"Diego LeónD. León",18,NA,"Left-Back","LB","€4.00m",NA,"Cerro Porteño","€4.00m","Manchester United","https://tmssl.akamaized.net//images/wappen/homepageSmall/985.png?lm=1457975903"
"Tyler FredricsonT. Fredricson",20,NA,"Centre-Back","CB","€3.00m",NA,"Man Utd U21","-","Manchester United","https://tmssl.akamaized.net//images/wappen/homepageSmall/985.png?lm=1457975903"
"Chido ObiChido Obi",17,NA,"Centre-Forward","CF","€5.00m",NA,"Man Utd U18","-","Manchester United","https://tmssl.akamaized.net//images/wappen/homepageSmall/985.png?lm=1457975903"
"Jadon SanchoJ. Sancho",25,NA,"Left Winger","LW","€28.00m",NA,"Chelsea","End of loan30.06.2025","Manchester United","https://tmssl.akamaized.net//images/wappen/homepageSmall/985.png?lm=1457975903"
"Tyrell MalaciaT. Malacia",25,NA,"Left-Back","LB","€8.00m",NA,"PSV","End of loan30.06.2025","Manchester United","https://tmssl.akamaized.net//images/wappen/homepageSmall/985.png?lm=1457975903"
"Marcus RashfordM. Rashford",27,NA,"Left Winger","LW","€50.00m",NA,"Aston Villa","End of loan30.06.2025","Manchester United","https://tmssl.akamaized.net//images/wappen/homepageSmall/985.png?lm=1457975903"
"AntonyAntony",25,NA,"Right Winger","RW","€35.00m",NA,"Real Betis","End of loan30.06.2025","Manchester United","https://tmssl.akamaized.net//images/wappen/homepageSmall/985.png?lm=1457975903"
"Nick WoltemadeN. Woltemade",23,NA,"Second Striker","SS","€30.00m",NA,"Stuttgart","€75.00m","NewCastle United","https://tmssl.akamaized.net//images/wappen/homepageSmall/762.png?lm=1472921161"
"Anthony ElangaA. Elanga",23,NA,"Right Winger","RW","€42.00m",NA,"Nott'm Forest","€61.40m","NewCastle United","https://tmssl.akamaized.net//images/wappen/homepageSmall/762.png?lm=1472921161"
"Yoane WissaY. Wissa",28,NA,"Centre-Forward","CF","€32.00m",NA,"Brentford","€57.70m","NewCastle United","https://tmssl.akamaized.net//images/wappen/homepageSmall/762.png?lm=1472921161"
"Jacob RamseyJ. Ramsey",24,NA,"Central Midfield","CM","€32.00m",NA,"Aston Villa","€45.15m","NewCastle United","https://tmssl.akamaized.net//images/wappen/homepageSmall/762.png?lm=1472921161"
"Malick ThiawM. Thiaw",24,NA,"Centre-Back","CB","€18.00m",NA,"AC Milan","€35.00m","NewCastle United","https://tmssl.akamaized.net//images/wappen/homepageSmall/762.png?lm=1472921161"
"Aaron RamsdaleA. Ramsdale",27,NA,"Goalkeeper","GK","€16.00m",NA,"Southampton","Loan fee:€4.60m","NewCastle United","https://tmssl.akamaized.net//images/wappen/homepageSmall/762.png?lm=1472921161"
"Antoñito CorderoA. Cordero",18,NA,"Left Winger","LW","€2.00m",NA,"Málaga CF","free transfer","NewCastle United","https://tmssl.akamaized.net//images/wappen/homepageSmall/762.png?lm=1472921161"
"Harrison AshbyH. Ashby",23,NA,"Right-Back","RB","€1.40m",NA,"QPR","End of loan30.06.2025","NewCastle United","https://tmssl.akamaized.net//images/wappen/homepageSmall/762.png?lm=1472921161"
"Joe WhiteJoe White",23,NA,"Attacking Midfield","AM","€275k",NA,"Leyton Orient","End of loan31.05.2026","NewCastle United","https://tmssl.akamaized.net//images/wappen/homepageSmall/762.png?lm=1472921161"
"Matt TargettM. Targett",30,NA,"Left-Back","LB","€5.00m",NA,"Middlesbrough","End of loan31.05.2026","NewCastle United","https://tmssl.akamaized.net//images/wappen/homepageSmall/762.png?lm=1472921161"
"Lloyd KellyL. Kelly",26,NA,"Centre-Back","CB","€16.00m",NA,"Juventus","End of loan30.06.2025","NewCastle United","https://tmssl.akamaized.net//images/wappen/homepageSmall/762.png?lm=1472921161"
"Isaac HaydenI. Hayden",30,NA,"Defensive Midfield","DM","€700k",NA,"Portsmouth","End of loan30.06.2025","NewCastle United","https://tmssl.akamaized.net//images/wappen/homepageSmall/762.png?lm=1472921161"
"Omari HutchinsonO. Hutchinson",21,NA,"Attacking Midfield","AM","€22.00m",NA,"Ipswich","€43.40m","Nottingham Forest","https://tmssl.akamaized.net//images/wappen/homepageSmall/703.png?lm=1598890289"
"Dan NdoyeDan Ndoye",24,NA,"Right Winger","RW","€35.00m",NA,"Bologna","€42.00m","Nottingham Forest","https://tmssl.akamaized.net//images/wappen/homepageSmall/703.png?lm=1598890289"
"Dilane BakwaD. Bakwa",23,NA,"Right Winger","RW","€25.00m",NA,"R. Strasbourg","€35.00m","Nottingham Forest","https://tmssl.akamaized.net//images/wappen/homepageSmall/703.png?lm=1598890289"
"Arnaud KalimuendoA. Kalimuendo",23,NA,"Centre-Forward","CF","€22.00m",NA,"Stade Rennais","€30.00m","Nottingham Forest","https://tmssl.akamaized.net//images/wappen/homepageSmall/703.png?lm=1598890289"
"James McAteeJ. McAtee",22,NA,"Attacking Midfield","AM","€20.00m",NA,"Man City","€25.50m","Nottingham Forest","https://tmssl.akamaized.net//images/wappen/homepageSmall/703.png?lm=1598890289"
"Igor JesusIgor Jesus",24,NA,"Centre-Forward","CF","€15.00m",NA,"Botafogo","€19.00m","Nottingham Forest","https://tmssl.akamaized.net//images/wappen/homepageSmall/703.png?lm=1598890289"
"Nicolò SavonaN. Savona",22,NA,"Right-Back","RB","€12.00m",NA,"Juventus","€13.00m","Nottingham Forest","https://tmssl.akamaized.net//images/wappen/homepageSmall/703.png?lm=1598890289"
"Jair CunhaJ. Cunha",20,NA,"Centre-Back","CB","€13.00m",NA,"Botafogo","€12.00m","Nottingham Forest","https://tmssl.akamaized.net//images/wappen/homepageSmall/703.png?lm=1598890289"
"John VictorJohn Victor",29,NA,"Goalkeeper","GK","€8.00m",NA,"Botafogo","€8.00m","Nottingham Forest","https://tmssl.akamaized.net//images/wappen/homepageSmall/703.png?lm=1598890289"
"CuiabanoCuiabano",22,NA,"Left-Back","LB","€8.00m",NA,"Botafogo","€6.00m","Nottingham Forest","https://tmssl.akamaized.net//images/wappen/homepageSmall/703.png?lm=1598890289"
"Douglas LuizDouglas Luiz",27,NA,"Central Midfield","CM","€30.00m",NA,"Juventus","Loan fee:€3.00m","Nottingham Forest","https://tmssl.akamaized.net//images/wappen/homepageSmall/703.png?lm=1598890289"
"Angus GunnA. Gunn",29,NA,"Goalkeeper","GK","€2.20m",NA,"Norwich","free transfer","Nottingham Forest","https://tmssl.akamaized.net//images/wappen/homepageSmall/703.png?lm=1598890289"
"Oleksandr ZinchenkoO. Zinchenko",28,NA,"Left-Back","LB","€20.00m",NA,"Arsenal","loan transfer","Nottingham Forest","https://tmssl.akamaized.net//images/wappen/homepageSmall/703.png?lm=1598890289"
"Zach AbbottZ. Abbott",19,NA,"Centre-Back","CB","€300k",NA,"Nottingham U21","-","Nottingham Forest","https://tmssl.akamaized.net//images/wappen/homepageSmall/703.png?lm=1598890289"
"Andrew OmobamideleA. Omobamidele",23,NA,"Centre-Back","CB","€8.00m",NA,"R. Strasbourg","End of loan30.06.2025","Nottingham Forest","https://tmssl.akamaized.net//images/wappen/homepageSmall/703.png?lm=1598890289"
"Matt TurnerM. Turner",31,NA,"Goalkeeper","GK","€2.50m",NA,"Crystal Palace","End of loan30.06.2025","Nottingham Forest","https://tmssl.akamaized.net//images/wappen/homepageSmall/703.png?lm=1598890289"
"Tyler BindonT. Bindon",20,NA,"Centre-Back","CB","€1.20m",NA,"Reading","End of loan30.06.2025","Nottingham Forest","https://tmssl.akamaized.net//images/wappen/homepageSmall/703.png?lm=1598890289"
"David CarmoD. Carmo",25,NA,"Centre-Back","CB","€10.00m",NA,"Olympiacos","End of loan30.06.2025","Nottingham Forest","https://tmssl.akamaized.net//images/wappen/homepageSmall/703.png?lm=1598890289"
"Omar RichardsO. Richards",27,NA,"Left-Back","LB","€2.50m",NA,"Rio Ave","End of loan30.06.2025","Nottingham Forest","https://tmssl.akamaized.net//images/wappen/homepageSmall/703.png?lm=1598890289"
"Marko StamenicM. Stamenic",23,NA,"Central Midfield","CM","€3.00m",NA,"Olympiacos","End of loan30.06.2025","Nottingham Forest","https://tmssl.akamaized.net//images/wappen/homepageSmall/703.png?lm=1598890289"
"CuiabanoCuiabano",22,NA,"Left-Back","LB","€7.00m",NA,"Botafogo","End of loan31.12.2025","Nottingham Forest","https://tmssl.akamaized.net//images/wappen/homepageSmall/703.png?lm=1598890289"
"Jonathan PanzoJ. Panzo",24,NA,"Centre-Back","CB","€1.20m",NA,"Rio Ave","End of loan30.06.2025","Nottingham Forest","https://tmssl.akamaized.net//images/wappen/homepageSmall/703.png?lm=1598890289"
"Habib DiarraH. Diarra",21,NA,"Central Midfield","CM","€20.00m",NA,"R. Strasbourg","€31.50m","Sunderland AFC","https://tmssl.akamaized.net//images/wappen/homepageSmall/289.png?lm=1485645633"
"Simon AdingraS. Adingra",23,NA,"Left Winger","LW","€28.00m",NA,"Brighton","€24.40m","Sunderland AFC","https://tmssl.akamaized.net//images/wappen/homepageSmall/289.png?lm=1485645633"
"Enzo Le FéeE. Le Fée",25,NA,"Central Midfield","CM","€18.00m",NA,"Roma","€23.00m","Sunderland AFC","https://tmssl.akamaized.net//images/wappen/homepageSmall/289.png?lm=1485645633"
"Brian BrobbeyB. Brobbey",23,NA,"Centre-Forward","CF","€22.00m",NA,"Ajax","€20.00m","Sunderland AFC","https://tmssl.akamaized.net//images/wappen/homepageSmall/289.png?lm=1485645633"
"Chemsdine TalbiC. Talbi",20,NA,"Right Winger","RW","€8.00m",NA,"Club Brugge","€20.00m","Sunderland AFC","https://tmssl.akamaized.net//images/wappen/homepageSmall/289.png?lm=1485645633"
"Noah SadikiN. Sadiki",20,NA,"Central Midfield","CM","€12.00m",NA,"Union SG","€17.00m","Sunderland AFC","https://tmssl.akamaized.net//images/wappen/homepageSmall/289.png?lm=1485645633"
"Granit XhakaG. Xhaka",32,NA,"Defensive Midfield","DM","€12.00m",NA,"Leverkusen","€15.00m","Sunderland AFC","https://tmssl.akamaized.net//images/wappen/homepageSmall/289.png?lm=1485645633"
"Nordi MukieleN. Mukiele",27,NA,"Right-Back","RB","€10.00m",NA,"PSG","€12.00m","Sunderland AFC","https://tmssl.akamaized.net//images/wappen/homepageSmall/289.png?lm=1485645633"
"Omar AldereteO. Alderete",28,NA,"Centre-Back","CB","€8.00m",NA,"Getafe","€11.60m","Sunderland AFC","https://tmssl.akamaized.net//images/wappen/homepageSmall/289.png?lm=1485645633"
"Robin RoefsR. Roefs",22,NA,"Goalkeeper","GK","€4.00m",NA,"NEC Nijmegen","€10.50m","Sunderland AFC","https://tmssl.akamaized.net//images/wappen/homepageSmall/289.png?lm=1485645633"
"Bertrand TraoréB. Traoré",29,NA,"Right Winger","RW","€8.00m",NA,"Ajax","€2.90m","Sunderland AFC","https://tmssl.akamaized.net//images/wappen/homepageSmall/289.png?lm=1485645633"
"Reinildo MandavaR. Mandava",31,NA,"Left-Back","LB","€5.00m",NA,"Atlético","free transfer","Sunderland AFC","https://tmssl.akamaized.net//images/wappen/homepageSmall/289.png?lm=1485645633"
"Arthur MasuakuA. Masuaku",31,NA,"Left-Back","LB","€3.00m",NA,"Besiktas","free transfer","Sunderland AFC","https://tmssl.akamaized.net//images/wappen/homepageSmall/289.png?lm=1485645633"
"Lutsharel GeertruidaL. Geertruida",25,NA,"Right-Back","RB","€20.00m",NA,"Leipzig","loan transfer","Sunderland AFC","https://tmssl.akamaized.net//images/wappen/homepageSmall/289.png?lm=1485645633"
"Marc GuiuMarc Guiu",19,NA,"Centre-Forward","CF","€8.00m",NA,"Chelsea","loan transfer","Sunderland AFC","https://tmssl.akamaized.net//images/wappen/homepageSmall/289.png?lm=1485645633"
"Zak JohnsonZ. Johnson",20,NA,"Centre-Back","CB","€50k",NA,"Sunderland U21","-","Sunderland AFC","https://tmssl.akamaized.net//images/wappen/homepageSmall/289.png?lm=1485645633"
"Harrison JonesH. Jones",20,NA,"Attacking Midfield","AM","€150k",NA,"Sunderland U21","-","Sunderland AFC","https://tmssl.akamaized.net//images/wappen/homepageSmall/289.png?lm=1485645633"
"Luís SemedoL. Semedo",21,NA,"Centre-Forward","CF","€500k",NA,"Juve Next Gen","End of loan30.06.2025","Sunderland AFC","https://tmssl.akamaized.net//images/wappen/homepageSmall/289.png?lm=1485645633"
"Alan BrowneA. Browne",31,NA,"Central Midfield","CM","€2.20m",NA,"Middlesbrough","End of loan31.05.2026","Sunderland AFC","https://tmssl.akamaized.net//images/wappen/homepageSmall/289.png?lm=1485645633"
"Abdoullah BaA. Ba",21,NA,"Right Midfield","RM","€2.50m",NA,"USL Dunkerque","End of loan30.06.2025","Sunderland AFC","https://tmssl.akamaized.net//images/wappen/homepageSmall/289.png?lm=1485645633"
"Adil AouchicheA. Aouchiche",22,NA,"Attacking Midfield","AM","€1.50m",NA,"Portsmouth","End of loan30.06.2025","Sunderland AFC","https://tmssl.akamaized.net//images/wappen/homepageSmall/289.png?lm=1485645633"
"Nazariy RusynN. Rusyn",26,NA,"Centre-Forward","CF","€1.00m",NA,"Hajduk Split","End of loan30.06.2025","Sunderland AFC","https://tmssl.akamaized.net//images/wappen/homepageSmall/289.png?lm=1485645633"
"Nectarios TriantisN. Triantis",22,NA,"Central Midfield","CM","€1.00m",NA,"Hibernian FC","End of loan30.06.2025","Sunderland AFC","https://tmssl.akamaized.net//images/wappen/homepageSmall/289.png?lm=1485645633"
"Timothée PembéléT. Pembélé",22,NA,"Right-Back","RB","€2.50m",NA,"Le Havre AC","End of loan30.06.2025","Sunderland AFC","https://tmssl.akamaized.net//images/wappen/homepageSmall/289.png?lm=1485645633"
"Pierre EkwahP. Ekwah",23,NA,"Defensive Midfield","DM","€7.00m",NA,"Saint-Étienne","End of loan30.06.2025","Sunderland AFC","https://tmssl.akamaized.net//images/wappen/homepageSmall/289.png?lm=1485645633"
"Xavi SimonsX. Simons",22,NA,"Attacking Midfield","AM","€70.00m",NA,"Leipzig","€65.00m","Tottenham HotSpur","https://tmssl.akamaized.net//images/wappen/homepageSmall/148.png?lm=1732011953"
"Mohammed KudusM. Kudus",24,NA,"Right Winger","RW","€45.00m",NA,"West Ham","€63.80m","Tottenham HotSpur","https://tmssl.akamaized.net//images/wappen/homepageSmall/148.png?lm=1732011953"
"Mathys TelM. Tel",20,NA,"Centre-Forward","CF","€35.00m",NA,"Bayern Munich","€35.00m","Tottenham HotSpur","https://tmssl.akamaized.net//images/wappen/homepageSmall/148.png?lm=1732011953"
"Kevin DansoK. Danso",26,NA,"Centre-Back","CB","€25.00m",NA,"Lens","€25.00m","Tottenham HotSpur","https://tmssl.akamaized.net//images/wappen/homepageSmall/148.png?lm=1732011953"
"Luka VuskovicL. Vuskovic",18,NA,"Centre-Back","CB","€12.00m",NA,"Hajduk Split","€11.00m","Tottenham HotSpur","https://tmssl.akamaized.net//images/wappen/homepageSmall/148.png?lm=1732011953"
"Kota TakaiK. Takai",20,NA,"Centre-Back","CB","€2.50m",NA,"Kawasaki Front.","€5.80m","Tottenham HotSpur","https://tmssl.akamaized.net//images/wappen/homepageSmall/148.png?lm=1732011953"
"João PalhinhaJ. Palhinha",30,NA,"Defensive Midfield","DM","€30.00m",NA,"Bayern Munich","Loan fee:€5.00m","Tottenham HotSpur","https://tmssl.akamaized.net//images/wappen/homepageSmall/148.png?lm=1732011953"
"Randal Kolo MuaniR. Kolo Muani",26,NA,"Centre-Forward","CF","€30.00m",NA,"PSG","loan transfer","Tottenham HotSpur","https://tmssl.akamaized.net//images/wappen/homepageSmall/148.png?lm=1732011953"
"Min-hyeok YangM. Yang",19,NA,"Right Winger","RW","€3.50m",NA,"QPR","End of loan30.06.2025","Tottenham HotSpur","https://tmssl.akamaized.net//images/wappen/homepageSmall/148.png?lm=1732011953"
"Alfie DevineA. Devine",20,NA,"Attacking Midfield","AM","€3.50m",NA,"KVC Westerlo","End of loan30.06.2025","Tottenham HotSpur","https://tmssl.akamaized.net//images/wappen/homepageSmall/148.png?lm=1732011953"
"Manor SolomonM. Solomon",25,NA,"Left Winger","LW","€14.00m",NA,"Leeds","End of loan30.06.2025","Tottenham HotSpur","https://tmssl.akamaized.net//images/wappen/homepageSmall/148.png?lm=1732011953"
"Ashley PhillipsA. Phillips",20,NA,"Centre-Back","CB","€2.80m",NA,"Stoke City","End of loan31.05.2026","Tottenham HotSpur","https://tmssl.akamaized.net//images/wappen/homepageSmall/148.png?lm=1732011953"
"Alejo VelizA. Veliz",21,NA,"Centre-Forward","CF","€2.50m",NA,"Espanyol","End of loan30.06.2025","Tottenham HotSpur","https://tmssl.akamaized.net//images/wappen/homepageSmall/148.png?lm=1732011953"
"Bryan GilBryan Gil",24,NA,"Left Winger","LW","€15.00m",NA,"Girona","End of loan30.06.2025","Tottenham HotSpur","https://tmssl.akamaized.net//images/wappen/homepageSmall/148.png?lm=1732011953"
"Pierre-Emile HøjbjergP. Højbjerg",29,NA,"Defensive Midfield","DM","€20.00m",NA,"Marseille","End of loan30.06.2025","Tottenham HotSpur","https://tmssl.akamaized.net//images/wappen/homepageSmall/148.png?lm=1732011953"
"Mateus FernandesM. Fernandes",21,NA,"Central Midfield","CM","€15.00m",NA,"Southampton","€44.00m","West Ham","https://tmssl.akamaized.net//images/wappen/homepageSmall/379.png?lm=1464675260"
"Jean-Clair TodiboJ. Todibo",25,NA,"Centre-Back","CB","€25.00m",NA,"Nice","€40.00m","West Ham","https://tmssl.akamaized.net//images/wappen/homepageSmall/379.png?lm=1464675260"
"El Hadji Malick DioufE. Diouf",20,NA,"Left-Back","LB","€18.00m",NA,"Slavia Praha","€22.00m","West Ham","https://tmssl.akamaized.net//images/wappen/homepageSmall/379.png?lm=1464675260"
"Mads HermansenM. Hermansen",25,NA,"Goalkeeper","GK","€15.00m",NA,"Leicester","€20.80m","West Ham","https://tmssl.akamaized.net//images/wappen/homepageSmall/379.png?lm=1464675260"
"Soungoutou MagassaS. Magassa",21,NA,"Defensive Midfield","DM","€12.00m",NA,"Monaco","€17.00m","West Ham","https://tmssl.akamaized.net//images/wappen/homepageSmall/379.png?lm=1464675260"
"Callum WilsonC. Wilson",33,NA,"Centre-Forward","CF","€8.00m",NA,"Newcastle","free transfer","West Ham","https://tmssl.akamaized.net//images/wappen/homepageSmall/379.png?lm=1464675260"
"Kyle Walker-PetersK. Walker-Peters",28,NA,"Right-Back","RB","€15.00m",NA,"Southampton","free transfer","West Ham","https://tmssl.akamaized.net//images/wappen/homepageSmall/379.png?lm=1464675260"
"Igor JulioIgor Julio",27,NA,"Centre-Back","CB","€20.00m",NA,"Brighton","loan transfer","West Ham","https://tmssl.akamaized.net//images/wappen/homepageSmall/379.png?lm=1464675260"
"Junior RobinsonJ. Robinson",21,NA,"Right-Back","RB","-",NA,"West Ham U21","-","West Ham","https://tmssl.akamaized.net//images/wappen/homepageSmall/379.png?lm=1464675260"
"Kaelan CaseyK. Casey",20,NA,"Centre-Back","CB","€1.00m",NA,"West Ham U21","-","West Ham","https://tmssl.akamaized.net//images/wappen/homepageSmall/379.png?lm=1464675260"
"Lukasz FabianskiL. Fabianski",40,NA,"Goalkeeper","GK","€500k",NA,"Without Club","-","West Ham","https://tmssl.akamaized.net//images/wappen/homepageSmall/379.png?lm=1464675260"
"George EarthyG. Earthy",20,NA,"Attacking Midfield","AM","€2.00m",NA,"West Ham U21","-","West Ham","https://tmssl.akamaized.net//images/wappen/homepageSmall/379.png?lm=1464675260"
"Freddie PottsF. Potts",21,NA,"Defensive Midfield","DM","€1.40m",NA,"West Ham U21","-","West Ham","https://tmssl.akamaized.net//images/wappen/homepageSmall/379.png?lm=1464675260"
"Callum MarshallC. Marshall",20,NA,"Centre-Forward","CF","€1.80m",NA,"West Ham U21","-","West Ham","https://tmssl.akamaized.net//images/wappen/homepageSmall/379.png?lm=1464675260"
"Kaelan CaseyK. Casey",21,NA,"Centre-Back","CB","€1.00m",NA,"Swansea","End of loan31.05.2026","West Ham","https://tmssl.akamaized.net//images/wappen/homepageSmall/379.png?lm=1464675260"
"Junior RobinsonJ. Robinson",22,NA,"Right-Back","RB","-",NA,"Livingston FC","End of loan31.05.2026","West Ham","https://tmssl.akamaized.net//images/wappen/homepageSmall/379.png?lm=1464675260"
"Maxwel CornetM. Cornet",28,NA,"Left Winger","LW","€8.00m",NA,"Genoa","End of loan30.06.2025","West Ham","https://tmssl.akamaized.net//images/wappen/homepageSmall/379.png?lm=1464675260"
"Kurt ZoumaK. Zouma",30,NA,"Centre-Back","CB","€10.00m",NA,"Al-Orobah","End of loan30.06.2025","West Ham","https://tmssl.akamaized.net//images/wappen/homepageSmall/379.png?lm=1464675260"
"Nayef AguerdN. Aguerd",29,NA,"Centre-Back","CB","€18.00m",NA,"Real Sociedad","End of loan30.06.2025","West Ham","https://tmssl.akamaized.net//images/wappen/homepageSmall/379.png?lm=1464675260"
"Mohamadou KantéM. Kanté",19,NA,"Defensive Midfield","DM","€200k",NA,"Paris FC","End of loan30.06.2025","West Ham","https://tmssl.akamaized.net//images/wappen/homepageSmall/379.png?lm=1464675260"
"Jørgen Strand LarsenJ. Larsen",25,NA,"Centre-Forward","CF","€30.00m",NA,"Celta de Vigo","€27.00m","Wolves","https://tmssl.akamaized.net//images/wappen/homepageSmall/543.png?lm=1467496784"
"Tolu ArokodareT. Arokodare",24,NA,"Centre-Forward","CF","€18.00m",NA,"Genk","€26.00m","Wolves","https://tmssl.akamaized.net//images/wappen/homepageSmall/543.png?lm=1467496784"
"Fer LópezFer López",21,NA,"Attacking Midfield","AM","€5.00m",NA,"Celta de Vigo","€23.00m","Wolves","https://tmssl.akamaized.net//images/wappen/homepageSmall/543.png?lm=1467496784"
"Ladislav KrejciL. Krejci",26,NA,"Centre-Back","CB","€12.00m",NA,"Girona","Loan fee:€22.50m","Wolves","https://tmssl.akamaized.net//images/wappen/homepageSmall/543.png?lm=1467496784"
"Jhon AriasJ. Arias",27,NA,"Right Winger","RW","€17.00m",NA,"Fluminense","€17.00m","Wolves","https://tmssl.akamaized.net//images/wappen/homepageSmall/543.png?lm=1467496784"
"Jackson TchatchouaJ. Tchatchoua",23,NA,"Right-Back","RB","€8.00m",NA,"Hellas Verona","€12.50m","Wolves","https://tmssl.akamaized.net//images/wappen/homepageSmall/543.png?lm=1467496784"
"David Møller WolfeD. Wolfe",23,NA,"Left-Back","LB","€9.00m",NA,"AZ Alkmaar","€12.00m","Wolves","https://tmssl.akamaized.net//images/wappen/homepageSmall/543.png?lm=1467496784"
"Mateus ManéM. Mané",17,NA,"Centre-Forward","CF","€200k",NA,"Wolves U21","-","Wolves","https://tmssl.akamaized.net//images/wappen/homepageSmall/543.png?lm=1467496784"
"Nasser DjigaN. Djiga",23,NA,"Centre-Back","CB","€10.00m",NA,"Rangers","End of loan31.05.2026","Wolves","https://tmssl.akamaized.net//images/wappen/homepageSmall/543.png?lm=1467496784"
"ChiquinhoChiquinho",25,NA,"Left Winger","LW","€2.00m",NA,"RCD Mallorca","End of loan30.06.2025","Wolves","https://tmssl.akamaized.net//images/wappen/homepageSmall/543.png?lm=1467496784"
"Fábio SilvaF. Silva",22,NA,"Centre-Forward","CF","€20.00m",NA,"UD Las Palmas","End of loan30.06.2025","Wolves","https://tmssl.akamaized.net//images/wappen/homepageSmall/543.png?lm=1467496784"
"Ki-Jana HoeverK. Hoever",23,NA,"Right-Back","RB","€5.00m",NA,"AJ Auxerre","End of loan30.06.2025","Wolves","https://tmssl.akamaized.net//images/wappen/homepageSmall/543.png?lm=1467496784"
"Hugo BuenoH. Bueno",22,NA,"Left-Back","LB","€8.00m",NA,"Feyenoord","End of loan30.06.2025","Wolves","https://tmssl.akamaized.net//images/wappen/homepageSmall/543.png?lm=1467496784"
