"Out","Age","Nat.","Position","Pos","Market value","Joined","Joined","Fee","Team","team_logo"
"Nuno TavaresN. Tavares",25,NA,"Left-Back","LB","€25.00m",NA,"Lazio","€5.00m","Arsenal","https://tmssl.akamaized.net//images/wappen/homepageSmall/11.png?lm=1489787850"
"MarquinhosMarquinhos",22,NA,"Right Winger","RW","€5.50m",NA,"Cruzeiro","€3.00m","Arsenal","https://tmssl.akamaized.net//images/wappen/homepageSmall/11.png?lm=1489787850"
"Jakub KiwiorJ. Kiwior",25,NA,"Centre-Back","CB","€28.00m",NA,"Porto","Loan fee:€2.00m","Arsenal","https://tmssl.akamaized.net//images/wappen/homepageSmall/11.png?lm=1489787850"
"Albert Sambi LokongaA. Sambi Lokonga",25,NA,"Central Midfield","CM","€8.00m",NA,"Hamburg","€300k","Arsenal","https://tmssl.akamaized.net//images/wappen/homepageSmall/11.png?lm=1489787850"
"Kieran TierneyK. Tierney",28,NA,"Left-Back","LB","€9.00m",NA,"Celtic","free transfer","Arsenal","https://tmssl.akamaized.net//images/wappen/homepageSmall/11.png?lm=1489787850"
"JorginhoJorginho",33,NA,"Defensive Midfield","DM","€6.00m",NA,"Flamengo","free transfer","Arsenal","https://tmssl.akamaized.net//images/wappen/homepageSmall/11.png?lm=1489787850"
"Thomas ParteyT. Partey",32,NA,"Defensive Midfield","DM","€14.00m",NA,"Villarreal","free transfer","Arsenal","https://tmssl.akamaized.net//images/wappen/homepageSmall/11.png?lm=1489787850"
"Reiss NelsonR. Nelson",25,NA,"Left Winger","LW","€16.00m",NA,"Brentford","loan transfer","Arsenal","https://tmssl.akamaized.net//images/wappen/homepageSmall/11.png?lm=1489787850"
"Karl HeinKarl Hein",23,NA,"Goalkeeper","GK","€3.00m",NA,"Werder Bremen","loan transfer","Arsenal","https://tmssl.akamaized.net//images/wappen/homepageSmall/11.png?lm=1489787850"
"Fábio VieiraF. Vieira",25,NA,"Attacking Midfield","AM","€22.00m",NA,"Hamburg","loan transfer","Arsenal","https://tmssl.akamaized.net//images/wappen/homepageSmall/11.png?lm=1489787850"
"Oleksandr ZinchenkoO. Zinchenko",28,NA,"Left-Back","LB","€20.00m",NA,"Nott'm Forest","loan transfer","Arsenal","https://tmssl.akamaized.net//images/wappen/homepageSmall/11.png?lm=1489787850"
"Takehiro TomiyasuT. Tomiyasu",26,NA,"Centre-Back","CB","€18.00m",NA,"Without Club","-","Arsenal","https://tmssl.akamaized.net//images/wappen/homepageSmall/11.png?lm=1489787850"
"Raheem SterlingR. Sterling",30,NA,"Right Winger","RW","€10.00m",NA,"Chelsea","End of loan30.06.2025","Arsenal","https://tmssl.akamaized.net//images/wappen/homepageSmall/11.png?lm=1489787850"
"NetoNeto",35,NA,"Goalkeeper","GK","€1.50m",NA,"Bournemouth","End of loan30.06.2025","Arsenal","https://tmssl.akamaized.net//images/wappen/homepageSmall/11.png?lm=1489787850"
"Jacob RamseyJ. Ramsey",24,NA,"Central Midfield","CM","€32.00m",NA,"Newcastle","€45.15m","Aston Villa","https://tmssl.akamaized.net//images/wappen/homepageSmall/405.png?lm=1717155982"
"Kaine Kesler-HaydenK. Kesler-Hayden",22,NA,"Right-Back","RB","€2.50m",NA,"Coventry","€4.00m","Aston Villa","https://tmssl.akamaized.net//images/wappen/homepageSmall/405.png?lm=1717155982"
"Leon BaileyL. Bailey",28,NA,"Right Winger","RW","€28.00m",NA,"Roma","Loan fee:€3.00m","Aston Villa","https://tmssl.akamaized.net//images/wappen/homepageSmall/405.png?lm=1717155982"
"Enzo BarrenecheaE. Barrenechea",24,NA,"Defensive Midfield","DM","€10.00m",NA,"Benfica","Loan fee:€3.00m","Aston Villa","https://tmssl.akamaized.net//images/wappen/homepageSmall/405.png?lm=1717155982"
"Philippe CoutinhoP. Coutinho",33,NA,"Attacking Midfield","AM","€4.50m",NA,"Vasco da Gama","free transfer","Aston Villa","https://tmssl.akamaized.net//images/wappen/homepageSmall/405.png?lm=1717155982"
"Álex MorenoÁ. Moreno",32,NA,"Left-Back","LB","€7.00m",NA,"Girona","free transfer","Aston Villa","https://tmssl.akamaized.net//images/wappen/homepageSmall/405.png?lm=1717155982"
"Leander DendonckerL. Dendoncker",30,NA,"Defensive Midfield","DM","€4.50m",NA,"Real Oviedo","free transfer","Aston Villa","https://tmssl.akamaized.net//images/wappen/homepageSmall/405.png?lm=1717155982"
"Robin OlsenR. Olsen",35,NA,"Goalkeeper","GK","€1.00m",NA,"Malmö","free transfer","Aston Villa","https://tmssl.akamaized.net//images/wappen/homepageSmall/405.png?lm=1717155982"
"Lewis DobbinL. Dobbin",22,NA,"Left Winger","LW","€2.50m",NA,"Preston","loan transfer","Aston Villa","https://tmssl.akamaized.net//images/wappen/homepageSmall/405.png?lm=1717155982"
"Filip MarschallF. Marschall",22,NA,"Goalkeeper","GK","€800k",NA,"Stevenage","?","Aston Villa","https://tmssl.akamaized.net//images/wappen/homepageSmall/405.png?lm=1717155982"
"Oliwier ZychO. Zych",21,NA,"Goalkeeper","GK","€800k",NA,"Raków","loan transfer","Aston Villa","https://tmssl.akamaized.net//images/wappen/homepageSmall/405.png?lm=1717155982"
"Joe GauciJoe Gauci",25,NA,"Goalkeeper","GK","€1.50m",NA,"Port Vale","loan transfer","Aston Villa","https://tmssl.akamaized.net//images/wappen/homepageSmall/405.png?lm=1717155982"
"Samuel Iling-JuniorS. Iling-Junior",21,NA,"Left-Back","LB","€10.00m",NA,"West Brom","loan transfer","Aston Villa","https://tmssl.akamaized.net//images/wappen/homepageSmall/405.png?lm=1717155982"
"Kortney HauseK. Hause",29,NA,"Centre-Back","CB","€1.00m",NA,"Without Club","-","Aston Villa","https://tmssl.akamaized.net//images/wappen/homepageSmall/405.png?lm=1717155982"
"Axel DisasiA. Disasi",27,NA,"Centre-Back","CB","€22.00m",NA,"Chelsea","End of loan30.06.2025","Aston Villa","https://tmssl.akamaized.net//images/wappen/homepageSmall/405.png?lm=1717155982"
"Marco AsensioM. Asensio",29,NA,"Attacking Midfield","AM","€20.00m",NA,"PSG","End of loan30.06.2025","Aston Villa","https://tmssl.akamaized.net//images/wappen/homepageSmall/405.png?lm=1717155982"
"Marcus RashfordM. Rashford",27,NA,"Left Winger","LW","€50.00m",NA,"Man Utd","End of loan30.06.2025","Aston Villa","https://tmssl.akamaized.net//images/wappen/homepageSmall/405.png?lm=1717155982"
"Ilya ZabarnyiI. Zabarnyi",22,NA,"Centre-Back","CB","€42.00m",NA,"PSG","€63.00m","AFC Bournemouth","https://tmssl.akamaized.net//images/wappen/homepageSmall/989.png?lm=1457991811"
"Dean HuijsenD. Huijsen",20,NA,"Centre-Back","CB","€60.00m",NA,"Real Madrid","€62.50m","AFC Bournemouth","https://tmssl.akamaized.net//images/wappen/homepageSmall/989.png?lm=1457991811"
"Milos KerkezM. Kerkez",21,NA,"Left-Back","LB","€45.00m",NA,"Liverpool","€46.90m","AFC Bournemouth","https://tmssl.akamaized.net//images/wappen/homepageSmall/989.png?lm=1457991811"
"Dango OuattaraD. Ouattara",23,NA,"Left Winger","LW","€28.00m",NA,"Brentford","€42.80m","AFC Bournemouth","https://tmssl.akamaized.net//images/wappen/homepageSmall/989.png?lm=1457991811"
"Jaidon AnthonyJ. Anthony",25,NA,"Left Winger","LW","€9.00m",NA,"Burnley","€9.50m","AFC Bournemouth","https://tmssl.akamaized.net//images/wappen/homepageSmall/989.png?lm=1457991811"
"Philip BillingP. Billing",29,NA,"Central Midfield","CM","€10.00m",NA,"Midtjylland","€5.00m","AFC Bournemouth","https://tmssl.akamaized.net//images/wappen/homepageSmall/989.png?lm=1457991811"
"Mark TraversM. Travers",26,NA,"Goalkeeper","GK","€4.00m",NA,"Everton","€4.60m","AFC Bournemouth","https://tmssl.akamaized.net//images/wappen/homepageSmall/989.png?lm=1457991811"
"Luis SinisterraL. Sinisterra",26,NA,"Left Winger","LW","€15.00m",NA,"Cruzeiro","Loan fee:€2.50m","AFC Bournemouth","https://tmssl.akamaized.net//images/wappen/homepageSmall/989.png?lm=1457991811"
"Chris MephamC. Mepham",27,NA,"Centre-Back","CB","€6.00m",NA,"West Brom","€1.15m","AFC Bournemouth","https://tmssl.akamaized.net//images/wappen/homepageSmall/989.png?lm=1457991811"
"Joe RothwellJ. Rothwell",30,NA,"Central Midfield","CM","€1.80m",NA,"Rangers","€460k","AFC Bournemouth","https://tmssl.akamaized.net//images/wappen/homepageSmall/989.png?lm=1457991811"
"NetoNeto",36,NA,"Goalkeeper","GK","€1.50m",NA,"Botafogo","free transfer","AFC Bournemouth","https://tmssl.akamaized.net//images/wappen/homepageSmall/989.png?lm=1457991811"
"Romain FaivreR. Faivre",27,NA,"Attacking Midfield","AM","€6.00m",NA,"Al-Taawoun","loan transfer","AFC Bournemouth","https://tmssl.akamaized.net//images/wappen/homepageSmall/989.png?lm=1457991811"
"Alex PaulsenA. Paulsen",23,NA,"Goalkeeper","GK","€750k",NA,"Lechia Gdansk","loan transfer","AFC Bournemouth","https://tmssl.akamaized.net//images/wappen/homepageSmall/989.png?lm=1457991811"
"Hamed TraoréH. Traoré",25,NA,"Left Winger","LW","€20.00m",NA,"Marseille","loan transfer","AFC Bournemouth","https://tmssl.akamaized.net//images/wappen/homepageSmall/989.png?lm=1457991811"
"Max AaronsM. Aarons",25,NA,"Right-Back","RB","€6.00m",NA,"Rangers","loan transfer","AFC Bournemouth","https://tmssl.akamaized.net//images/wappen/homepageSmall/989.png?lm=1457991811"
"Daniel JebbisonD. Jebbison",21,NA,"Centre-Forward","CF","€4.00m",NA,"Preston","loan transfer","AFC Bournemouth","https://tmssl.akamaized.net//images/wappen/homepageSmall/989.png?lm=1457991811"
"Ben WinterburnB. Winterburn",20,NA,"Defensive Midfield","DM","€500k",NA,"Barnet","loan transfer","AFC Bournemouth","https://tmssl.akamaized.net//images/wappen/homepageSmall/989.png?lm=1457991811"
"Kepa ArrizabalagaK. Arrizabalaga",30,NA,"Goalkeeper","GK","€10.00m",NA,"Chelsea","End of loan30.06.2025","AFC Bournemouth","https://tmssl.akamaized.net//images/wappen/homepageSmall/989.png?lm=1457991811"
"Bryan MbeumoB. Mbeumo",25,NA,"Right Winger","RW","€55.00m",NA,"Man Utd","€75.00m","Brentford","https://tmssl.akamaized.net//images/wappen/homepageSmall/1148.png?lm=1625150543"
"Yoane WissaY. Wissa",28,NA,"Centre-Forward","CF","€32.00m",NA,"Newcastle","€57.70m","Brentford","https://tmssl.akamaized.net//images/wappen/homepageSmall/1148.png?lm=1625150543"
"Christian NørgaardC. Nørgaard",31,NA,"Defensive Midfield","DM","€11.00m",NA,"Arsenal","€11.60m","Brentford","https://tmssl.akamaized.net//images/wappen/homepageSmall/1148.png?lm=1625150543"
"Mark FlekkenM. Flekken",32,NA,"Goalkeeper","GK","€10.00m",NA,"Leverkusen","€11.00m","Brentford","https://tmssl.akamaized.net//images/wappen/homepageSmall/1148.png?lm=1625150543"
"Ben MeeBen Mee",35,NA,"Centre-Back","CB","€700k",NA,"Sheff Utd","free transfer","Brentford","https://tmssl.akamaized.net//images/wappen/homepageSmall/1148.png?lm=1625150543"
"Ben WinterbottomB. Winterbottom",23,NA,"Goalkeeper","GK","-",NA,"Barrow","free transfer","Brentford","https://tmssl.akamaized.net//images/wappen/homepageSmall/1148.png?lm=1625150543"
"Mads RoerslevM. Roerslev",26,NA,"Right-Back","RB","€6.00m",NA,"Southampton","?","Brentford","https://tmssl.akamaized.net//images/wappen/homepageSmall/1148.png?lm=1625150543"
"Ji-soo KimJ. Kim",20,NA,"Centre-Back","CB","€600k",NA,"1.FC K'lautern","loan transfer","Brentford","https://tmssl.akamaized.net//images/wappen/homepageSmall/1148.png?lm=1625150543"
"Josh DasilvaJ. Dasilva",26,NA,"Central Midfield","CM","€5.00m",NA,"Without Club","-","Brentford","https://tmssl.akamaized.net//images/wappen/homepageSmall/1148.png?lm=1625150543"
"Ryan TrevittR. Trevitt",22,NA,"Central Midfield","CM","€275k",NA,"Wigan","loan transfer","Brentford","https://tmssl.akamaized.net//images/wappen/homepageSmall/1148.png?lm=1625150543"
"Jayden MeghomaJ. Meghoma",19,NA,"Left-Back","LB","€500k",NA,"Rangers","loan transfer","Brentford","https://tmssl.akamaized.net//images/wappen/homepageSmall/1148.png?lm=1625150543"
"Michael KayodeM. Kayode",20,NA,"Right-Back","RB","€18.00m",NA,"Fiorentina","End of loan30.06.2025","Brentford","https://tmssl.akamaized.net//images/wappen/homepageSmall/1148.png?lm=1625150543"
"João PedroJoão Pedro",23,NA,"Centre-Forward","CF","€50.00m",NA,"Chelsea","€70.00m","Brighton","https://tmssl.akamaized.net//images/wappen/homepageSmall/1237.png?lm=1492718902"
"Simon AdingraS. Adingra",23,NA,"Left Winger","LW","€28.00m",NA,"Sunderland","€24.40m","Brighton","https://tmssl.akamaized.net//images/wappen/homepageSmall/1237.png?lm=1492718902"
"Pervis EstupiñánP. Estupiñán",27,NA,"Left-Back","LB","€30.00m",NA,"AC Milan","€17.00m","Brighton","https://tmssl.akamaized.net//images/wappen/homepageSmall/1237.png?lm=1492718902"
"Valentín BarcoV. Barco",20,NA,"Central Midfield","CM","€12.00m",NA,"R. Strasbourg","€10.00m","Brighton","https://tmssl.akamaized.net//images/wappen/homepageSmall/1237.png?lm=1492718902"
"Julio EncisoJ. Enciso",21,NA,"Attacking Midfield","AM","€22.00m",NA,"R. Strasbourg","€9.50m","Brighton","https://tmssl.akamaized.net//images/wappen/homepageSmall/1237.png?lm=1492718902"
"Tariq LampteyT. Lamptey",24,NA,"Right-Back","RB","€11.00m",NA,"Fiorentina","€6.00m","Brighton","https://tmssl.akamaized.net//images/wappen/homepageSmall/1237.png?lm=1492718902"
"Abdallah SimaA. Sima",24,NA,"Left Winger","LW","€9.00m",NA,"Lens","€4.50m","Brighton","https://tmssl.akamaized.net//images/wappen/homepageSmall/1237.png?lm=1492718902"
"Evan FergusonE. Ferguson",20,NA,"Centre-Forward","CF","€25.00m",NA,"Roma","Loan fee:€3.00m","Brighton","https://tmssl.akamaized.net//images/wappen/homepageSmall/1237.png?lm=1492718902"
"Facundo BuonanotteF. Buonanotte",20,NA,"Attacking Midfield","AM","€20.00m",NA,"Chelsea","Loan fee:€2.30m","Brighton","https://tmssl.akamaized.net//images/wappen/homepageSmall/1237.png?lm=1492718902"
"Kjell ScherpenK. Scherpen",25,NA,"Goalkeeper","GK","€5.00m",NA,"Union SG","€2.00m","Brighton","https://tmssl.akamaized.net//images/wappen/homepageSmall/1237.png?lm=1492718902"
"Matt O'RileyM. O'Riley",24,NA,"Central Midfield","CM","€22.00m",NA,"Marseille","Loan fee:€2.00m","Brighton","https://tmssl.akamaized.net//images/wappen/homepageSmall/1237.png?lm=1492718902"
"Odeluga OffiahO. Offiah",22,NA,"Right-Back","RB","€600k",NA,"Preston","€1.60m","Brighton","https://tmssl.akamaized.net//images/wappen/homepageSmall/1237.png?lm=1492718902"
"Jeremy SarmientoJ. Sarmiento",23,NA,"Left Winger","LW","€7.00m",NA,"Cremonese","loan transfer","Brighton","https://tmssl.akamaized.net//images/wappen/homepageSmall/1237.png?lm=1492718902"
"Andrew MoranA. Moran",21,NA,"Attacking Midfield","AM","€3.50m",NA,"LAFC","loan transfer","Brighton","https://tmssl.akamaized.net//images/wappen/homepageSmall/1237.png?lm=1492718902"
"Eiran CashinE. Cashin",23,NA,"Centre-Back","CB","€8.00m",NA,"Birmingham","loan transfer","Brighton","https://tmssl.akamaized.net//images/wappen/homepageSmall/1237.png?lm=1492718902"
"Carl RushworthC. Rushworth",24,NA,"Goalkeeper","GK","€3.00m",NA,"Coventry","loan transfer","Brighton","https://tmssl.akamaized.net//images/wappen/homepageSmall/1237.png?lm=1492718902"
"Do-young YoonD. Yoon",18,NA,"Right Winger","RW","€800k",NA,"Excelsior","loan transfer","Brighton","https://tmssl.akamaized.net//images/wappen/homepageSmall/1237.png?lm=1492718902"
"Ibrahim OsmanI. Osman",20,NA,"Left Winger","LW","€10.00m",NA,"AJ Auxerre","loan transfer","Brighton","https://tmssl.akamaized.net//images/wappen/homepageSmall/1237.png?lm=1492718902"
"Igor JulioIgor Julio",27,NA,"Centre-Back","CB","€20.00m",NA,"West Ham","loan transfer","Brighton","https://tmssl.akamaized.net//images/wappen/homepageSmall/1237.png?lm=1492718902"
"Amario Cozier-DuberryA. Cozier-Duberry",20,NA,"Right Winger","RW","€2.00m",NA,"Bolton","loan transfer","Brighton","https://tmssl.akamaized.net//images/wappen/homepageSmall/1237.png?lm=1492718902"
"James BeadleJ. Beadle",20,NA,"Goalkeeper","GK","€5.00m",NA,"Birmingham","loan transfer","Brighton","https://tmssl.akamaized.net//images/wappen/homepageSmall/1237.png?lm=1492718902"
"Malick YalcouyéM. Yalcouyé",19,NA,"Central Midfield","CM","€17.00m",NA,"Swansea","loan transfer","Brighton","https://tmssl.akamaized.net//images/wappen/homepageSmall/1237.png?lm=1492718902"
"James TraffordJ. Trafford",22,NA,"Goalkeeper","GK","€22.00m",NA,"Man City","€31.20m","Burnley","https://tmssl.akamaized.net//images/wappen/homepageSmall/1132.png?lm=1686818840"
"Han-Noah MassengoH. Massengo",24,NA,"Central Midfield","CM","€5.00m",NA,"Augsburg","€3.00m","Burnley","https://tmssl.akamaized.net//images/wappen/homepageSmall/1132.png?lm=1686818840"
"Dara CostelloeD. Costelloe",22,NA,"Left Winger","LW","€450k",NA,"Wigan","€400k","Burnley","https://tmssl.akamaized.net//images/wappen/homepageSmall/1132.png?lm=1686818840"
"Andréas HountondjiA. Hountondji",22,NA,"Centre-Forward","CF","€2.50m",NA,"St. Pauli","Loan fee:€400k","Burnley","https://tmssl.akamaized.net//images/wappen/homepageSmall/1132.png?lm=1686818840"
"Etienne GreenE. Green",25,NA,"Goalkeeper","GK","€700k",NA,"FC Fredericia","free transfer","Burnley","https://tmssl.akamaized.net//images/wappen/homepageSmall/1132.png?lm=1686818840"
"Josh BrownhillJ. Brownhill",29,NA,"Central Midfield","CM","€14.00m",NA,"Al-Shabab","free transfer","Burnley","https://tmssl.akamaized.net//images/wappen/homepageSmall/1132.png?lm=1686818840"
"Jonjo ShelveyJ. Shelvey",33,NA,"Central Midfield","CM","€800k",NA,"Arabian Falcons","free transfer","Burnley","https://tmssl.akamaized.net//images/wappen/homepageSmall/1132.png?lm=1686818840"
"CJ Egan-RileyC. Egan-Riley",22,NA,"Centre-Back","CB","€16.00m",NA,"Marseille","free transfer","Burnley","https://tmssl.akamaized.net//images/wappen/homepageSmall/1132.png?lm=1686818840"
"Darko ChurlinovD. Churlinov",25,NA,"Left Winger","LW","€1.50m",NA,"Kocaelispor","?","Burnley","https://tmssl.akamaized.net//images/wappen/homepageSmall/1132.png?lm=1686818840"
"Owen DodgsonO. Dodgson",22,NA,"Left-Back","LB","€300k",NA,"Stockport","loan transfer","Burnley","https://tmssl.akamaized.net//images/wappen/homepageSmall/1132.png?lm=1686818840"
"Aaron RamseyA. Ramsey",22,NA,"Attacking Midfield","AM","€10.00m",NA,"Leicester","loan transfer","Burnley","https://tmssl.akamaized.net//images/wappen/homepageSmall/1132.png?lm=1686818840"
"Michael ObafemiM. Obafemi",25,NA,"Centre-Forward","CF","€1.70m",NA,"VfL Bochum","loan transfer","Burnley","https://tmssl.akamaized.net//images/wappen/homepageSmall/1132.png?lm=1686818840"
"Oluwaseun AdewumiO. Adewumi",20,NA,"Attacking Midfield","AM","€350k",NA,"Cercle Brugge","loan transfer","Burnley","https://tmssl.akamaized.net//images/wappen/homepageSmall/1132.png?lm=1686818840"
"Shurandy SamboS. Sambo",23,NA,"Right-Back","RB","€2.00m",NA,"Sparta R.","loan transfer","Burnley","https://tmssl.akamaized.net//images/wappen/homepageSmall/1132.png?lm=1686818840"
"Luca KoleoshoL. Koleosho",20,NA,"Right Winger","RW","€12.00m",NA,"Espanyol","loan transfer","Burnley","https://tmssl.akamaized.net//images/wappen/homepageSmall/1132.png?lm=1686818840"
"Nathan RedmondN. Redmond",31,NA,"Right Winger","RW","€1.50m",NA,"Without Club","-","Burnley","https://tmssl.akamaized.net//images/wappen/homepageSmall/1132.png?lm=1686818840"
"Benson ManuelB. Manuel",28,NA,"Right Winger","RW","€3.50m",NA,"Swansea","loan transfer","Burnley","https://tmssl.akamaized.net//images/wappen/homepageSmall/1132.png?lm=1686818840"
"Bashir HumphreysB. Humphreys",22,NA,"Left-Back","LB","€7.00m",NA,"Chelsea","End of loan30.06.2025","Burnley","https://tmssl.akamaized.net//images/wappen/homepageSmall/1132.png?lm=1686818840"
"Jaidon AnthonyJ. Anthony",25,NA,"Left Winger","LW","€9.00m",NA,"Bournemouth","End of loan30.06.2025","Burnley","https://tmssl.akamaized.net//images/wappen/homepageSmall/1132.png?lm=1686818840"
"Marcus EdwardsM. Edwards",26,NA,"Right Winger","RW","€12.00m",NA,"Sporting","End of loan30.06.2025","Burnley","https://tmssl.akamaized.net//images/wappen/homepageSmall/1132.png?lm=1686818840"
"Zian FlemmingZ. Flemming",26,NA,"Centre-Forward","CF","€6.50m",NA,"Millwall","End of loan30.06.2025","Burnley","https://tmssl.akamaized.net//images/wappen/homepageSmall/1132.png?lm=1686818840"
"Noni MaduekeN. Madueke",23,NA,"Right Winger","RW","€40.00m",NA,"Arsenal","€56.00m","Chelsea","https://tmssl.akamaized.net//images/wappen/homepageSmall/631.png?lm=1682435911"
"Christopher NkunkuC. Nkunku",27,NA,"Centre-Forward","CF","€35.00m",NA,"AC Milan","€37.00m","Chelsea","https://tmssl.akamaized.net//images/wappen/homepageSmall/631.png?lm=1682435911"
"João FélixJ. Félix",25,NA,"Second Striker","SS","€20.00m",NA,"Al-Nassr","€30.00m","Chelsea","https://tmssl.akamaized.net//images/wappen/homepageSmall/631.png?lm=1682435911"
"Djordje PetrovicD. Petrovic",25,NA,"Goalkeeper","GK","€20.00m",NA,"Bournemouth","€28.90m","Chelsea","https://tmssl.akamaized.net//images/wappen/homepageSmall/631.png?lm=1682435911"
"Lesley UgochukwuL. Ugochukwu",21,NA,"Defensive Midfield","DM","€18.00m",NA,"Burnley","€28.70m","Chelsea","https://tmssl.akamaized.net//images/wappen/homepageSmall/631.png?lm=1682435911"
"Kiernan Dewsbury-HallK. Dewsbury-Hall",26,NA,"Central Midfield","CM","€20.00m",NA,"Everton","€28.65m","Chelsea","https://tmssl.akamaized.net//images/wappen/homepageSmall/631.png?lm=1682435911"
"Renato VeigaR. Veiga",22,NA,"Centre-Back","CB","€25.00m",NA,"Villarreal","€24.50m","Chelsea","https://tmssl.akamaized.net//images/wappen/homepageSmall/631.png?lm=1682435911"
"Armando BrojaA. Broja",23,NA,"Centre-Forward","CF","€12.00m",NA,"Burnley","€23.00m","Chelsea","https://tmssl.akamaized.net//images/wappen/homepageSmall/631.png?lm=1682435911"
"Carney ChukwuemekaC. Chukwuemeka",21,NA,"Central Midfield","CM","€18.00m",NA,"Dortmund","€20.00m","Chelsea","https://tmssl.akamaized.net//images/wappen/homepageSmall/631.png?lm=1682435911"
"Nicolas JacksonN. Jackson",24,NA,"Centre-Forward","CF","€50.00m",NA,"Bayern Munich","Loan fee:€16.50m","Chelsea","https://tmssl.akamaized.net//images/wappen/homepageSmall/631.png?lm=1682435911"
"Mathis AmougouM. Amougou",19,NA,"Central Midfield","CM","€10.00m",NA,"R. Strasbourg","€14.50m","Chelsea","https://tmssl.akamaized.net//images/wappen/homepageSmall/631.png?lm=1682435911"
"Bashir HumphreysB. Humphreys",22,NA,"Left-Back","LB","€7.00m",NA,"Burnley","€14.00m","Chelsea","https://tmssl.akamaized.net//images/wappen/homepageSmall/631.png?lm=1682435911"
"Kepa ArrizabalagaK. Arrizabalaga",30,NA,"Goalkeeper","GK","€10.00m",NA,"Arsenal","€5.80m","Chelsea","https://tmssl.akamaized.net//images/wappen/homepageSmall/631.png?lm=1682435911"
"Marcus BettinelliM. Bettinelli",33,NA,"Goalkeeper","GK","€600k",NA,"Man City","€2.40m","Chelsea","https://tmssl.akamaized.net//images/wappen/homepageSmall/631.png?lm=1682435911"
"Alfie GilchristA. Gilchrist",21,NA,"Right-Back","RB","€8.00m",NA,"West Brom","€2.30m","Chelsea","https://tmssl.akamaized.net//images/wappen/homepageSmall/631.png?lm=1682435911"
"Lucas BergströmL. Bergström",22,NA,"Goalkeeper","GK","€700k",NA,"RCD Mallorca","free transfer","Chelsea","https://tmssl.akamaized.net//images/wappen/homepageSmall/631.png?lm=1682435911"
"Ben ChilwellB. Chilwell",28,NA,"Left-Back","LB","€15.00m",NA,"R. Strasbourg","free transfer","Chelsea","https://tmssl.akamaized.net//images/wappen/homepageSmall/631.png?lm=1682435911"
"David Datro FofanaD. Fofana",22,NA,"Centre-Forward","CF","€6.00m",NA,"Karagümrük","loan transfer","Chelsea","https://tmssl.akamaized.net//images/wappen/homepageSmall/631.png?lm=1682435911"
"Marc GuiuMarc Guiu",19,NA,"Centre-Forward","CF","€8.00m",NA,"Sunderland","loan transfer","Chelsea","https://tmssl.akamaized.net//images/wappen/homepageSmall/631.png?lm=1682435911"
"Mamadou SarrM. Sarr",19,NA,"Centre-Back","CB","€20.00m",NA,"R. Strasbourg","loan transfer","Chelsea","https://tmssl.akamaized.net//images/wappen/homepageSmall/631.png?lm=1682435911"
"Kendry PáezK. Páez",18,NA,"Attacking Midfield","AM","€10.00m",NA,"R. Strasbourg","loan transfer","Chelsea","https://tmssl.akamaized.net//images/wappen/homepageSmall/631.png?lm=1682435911"
"Mike PendersM. Penders",19,NA,"Goalkeeper","GK","€12.00m",NA,"R. Strasbourg","loan transfer","Chelsea","https://tmssl.akamaized.net//images/wappen/homepageSmall/631.png?lm=1682435911"
"Aarón AnselminoA. Anselmino",20,NA,"Centre-Back","CB","€8.00m",NA,"Dortmund","loan transfer","Chelsea","https://tmssl.akamaized.net//images/wappen/homepageSmall/631.png?lm=1682435911"
"Jadon SanchoJ. Sancho",25,NA,"Left Winger","LW","€28.00m",NA,"Man Utd","End of loan30.06.2025","Chelsea","https://tmssl.akamaized.net//images/wappen/homepageSmall/631.png?lm=1682435911"
"Eberechi EzeE. Eze",27,NA,"Attacking Midfield","AM","€55.00m",NA,"Arsenal","€69.30m","Crystal Palace","https://tmssl.akamaized.net//images/wappen/homepageSmall/873.png?lm=1457723287"
"Odsonne ÉdouardO. Édouard",27,NA,"Centre-Forward","CF","€8.00m",NA,"Lens","€3.70m","Crystal Palace","https://tmssl.akamaized.net//images/wappen/homepageSmall/873.png?lm=1457723287"
"Malcolm EbioweiM. Ebiowei",21,NA,"Right Winger","RW","€1.20m",NA,"Blackpool","€1.15m","Crystal Palace","https://tmssl.akamaized.net//images/wappen/homepageSmall/873.png?lm=1457723287"
"Rob HoldingR. Holding",29,NA,"Centre-Back","CB","€3.50m",NA,"Colorado","free transfer","Crystal Palace","https://tmssl.akamaized.net//images/wappen/homepageSmall/873.png?lm=1457723287"
"Jeffrey SchluppJ. Schlupp",32,NA,"Left Midfield","LM","€3.00m",NA,"Norwich","free transfer","Crystal Palace","https://tmssl.akamaized.net//images/wappen/homepageSmall/873.png?lm=1457723287"
"Luke PlangeL. Plange",22,NA,"Centre-Forward","CF","€500k",NA,"Grasshoppers","free transfer","Crystal Palace","https://tmssl.akamaized.net//images/wappen/homepageSmall/873.png?lm=1457723287"
"David OzohD. Ozoh",20,NA,"Defensive Midfield","DM","€700k",NA,"Derby","loan transfer","Crystal Palace","https://tmssl.akamaized.net//images/wappen/homepageSmall/873.png?lm=1457723287"
"Jesurun Rak-SakyiJ. Rak-Sakyi",22,NA,"Right Winger","RW","€6.00m",NA,"C. Rizespor","loan transfer","Crystal Palace","https://tmssl.akamaized.net//images/wappen/homepageSmall/873.png?lm=1457723287"
"Matheus FrançaM. França",21,NA,"Attacking Midfield","AM","€10.00m",NA,"Vasco da Gama","loan transfer","Crystal Palace","https://tmssl.akamaized.net//images/wappen/homepageSmall/873.png?lm=1457723287"
"Hindolo MustaphaH. Mustapha",19,NA,"Attacking Midfield","AM","-",NA,"1.FC Nuremberg","loan transfer","Crystal Palace","https://tmssl.akamaized.net//images/wappen/homepageSmall/873.png?lm=1457723287"
"Joe WhitworthJ. Whitworth",21,NA,"Goalkeeper","GK","€1.70m",NA,"Exeter City","loan transfer","Crystal Palace","https://tmssl.akamaized.net//images/wappen/homepageSmall/873.png?lm=1457723287"
"Joel WardJoel Ward",35,NA,"Right-Back","RB","€500k",NA,"Without Club","-","Crystal Palace","https://tmssl.akamaized.net//images/wappen/homepageSmall/873.png?lm=1457723287"
"Ben ChilwellB. Chilwell",28,NA,"Left-Back","LB","€15.00m",NA,"Chelsea","End of loan30.06.2025","Crystal Palace","https://tmssl.akamaized.net//images/wappen/homepageSmall/873.png?lm=1457723287"
"Matt TurnerM. Turner",31,NA,"Goalkeeper","GK","€2.50m",NA,"Nott'm Forest","End of loan30.06.2025","Crystal Palace","https://tmssl.akamaized.net//images/wappen/homepageSmall/873.png?lm=1457723287"
"Youssef ChermitiY. Chermiti",21,NA,"Centre-Forward","CF","€8.00m",NA,"Rangers","€8.60m","Everton","https://tmssl.akamaized.net//images/wappen/homepageSmall/29.png?lm=1445949846"
"Neal MaupayN. Maupay",28,NA,"Centre-Forward","CF","€8.00m",NA,"Marseille","€4.00m","Everton","https://tmssl.akamaized.net//images/wappen/homepageSmall/29.png?lm=1445949846"
"João VirgíniaJ. Virgínia",25,NA,"Goalkeeper","GK","€800k",NA,"Sporting","free transfer","Everton","https://tmssl.akamaized.net//images/wappen/homepageSmall/29.png?lm=1445949846"
"Dominic Calvert-LewinD. Calvert-Lewin",28,NA,"Centre-Forward","CF","€16.00m",NA,"Leeds","free transfer","Everton","https://tmssl.akamaized.net//images/wappen/homepageSmall/29.png?lm=1445949846"
"Asmir BegovicA. Begovic",38,NA,"Goalkeeper","GK","€250k",NA,"Leicester","free transfer","Everton","https://tmssl.akamaized.net//images/wappen/homepageSmall/29.png?lm=1445949846"
"Mason HolgateM. Holgate",28,NA,"Centre-Back","CB","€4.00m",NA,"Al-Gharafa","free transfer","Everton","https://tmssl.akamaized.net//images/wappen/homepageSmall/29.png?lm=1445949846"
"Ashley YoungA. Young",40,NA,"Right-Back","RB","€500k",NA,"Ipswich","free transfer","Everton","https://tmssl.akamaized.net//images/wappen/homepageSmall/29.png?lm=1445949846"
"Abdoulaye DoucouréA. Doucouré",32,NA,"Attacking Midfield","AM","€7.00m",NA,"NEOM SC","free transfer","Everton","https://tmssl.akamaized.net//images/wappen/homepageSmall/29.png?lm=1445949846"
"Harrison ArmstrongH. Armstrong",18,NA,"Central Midfield","CM","€800k",NA,"Preston","loan transfer","Everton","https://tmssl.akamaized.net//images/wappen/homepageSmall/29.png?lm=1445949846"
"Tyler OnyangoT. Onyango",22,NA,"Central Midfield","CM","€300k",NA,"Stockport","loan transfer","Everton","https://tmssl.akamaized.net//images/wappen/homepageSmall/29.png?lm=1445949846"
"Billy CrellinB. Crellin",25,NA,"Goalkeeper","GK","€125k",NA,"Without Club","-","Everton","https://tmssl.akamaized.net//images/wappen/homepageSmall/29.png?lm=1445949846"
"Isaac HeathI. Heath",20,NA,"Left Winger","LW","-",NA,"Accrington","loan transfer","Everton","https://tmssl.akamaized.net//images/wappen/homepageSmall/29.png?lm=1445949846"
"Jesper LindstrømJ. Lindstrøm",25,NA,"Right Winger","RW","€18.00m",NA,"Napoli","End of loan30.06.2025","Everton","https://tmssl.akamaized.net//images/wappen/homepageSmall/29.png?lm=1445949846"
"Jack GrealishJ. Grealish",30,NA,"Left Winger","LW","€28.00m",NA,"Man City","End of loan30.06.2026","Everton","https://tmssl.akamaized.net//images/wappen/homepageSmall/29.png?lm=1445949846"
"Orel MangalaO. Mangala",27,NA,"Defensive Midfield","DM","€18.00m",NA,"Lyon","End of loan30.06.2025","Everton","https://tmssl.akamaized.net//images/wappen/homepageSmall/29.png?lm=1445949846"
"Armando BrojaA. Broja",23,NA,"Centre-Forward","CF","€12.00m",NA,"Chelsea","End of loan30.06.2025","Everton","https://tmssl.akamaized.net//images/wappen/homepageSmall/29.png?lm=1445949846"
"Jack HarrisonJ. Harrison",28,NA,"Left Winger","LW","€14.00m",NA,"Leeds","End of loan30.06.2025","Everton","https://tmssl.akamaized.net//images/wappen/homepageSmall/29.png?lm=1445949846"
"Carlos AlcarazC. Alcaraz",22,NA,"Central Midfield","CM","€14.00m",NA,"Flamengo","End of loan30.06.2025","Everton","https://tmssl.akamaized.net//images/wappen/homepageSmall/29.png?lm=1445949846"
"Andreas PereiraA. Pereira",29,NA,"Attacking Midfield","AM","€18.00m",NA,"Palmeiras","€10.00m","Fulham","https://tmssl.akamaized.net//images/wappen/homepageSmall/931.png?lm=1556831687"
"Martial GodoM. Godo",22,NA,"Left Winger","LW","€600k",NA,"R. Strasbourg","€7.00m","Fulham","https://tmssl.akamaized.net//images/wappen/homepageSmall/931.png?lm=1556831687"
"Carlos ViníciusCarlos Vinícius",30,NA,"Centre-Forward","CF","€3.50m",NA,"Grêmio","free transfer","Fulham","https://tmssl.akamaized.net//images/wappen/homepageSmall/931.png?lm=1556831687"
"Steven BendaS. Benda",26,NA,"Goalkeeper","GK","€1.00m",NA,"Millwall","loan transfer","Fulham","https://tmssl.akamaized.net//images/wappen/homepageSmall/931.png?lm=1556831687"
"Luke HarrisL. Harris",20,NA,"Attacking Midfield","AM","€1.00m",NA,"Oxford United","loan transfer","Fulham","https://tmssl.akamaized.net//images/wappen/homepageSmall/931.png?lm=1556831687"
"WillianWillian",36,NA,"Left Winger","LW","€750k",NA,"Without Club","-","Fulham","https://tmssl.akamaized.net//images/wappen/homepageSmall/931.png?lm=1556831687"
"Reiss NelsonR. Nelson",25,NA,"Left Winger","LW","€16.00m",NA,"Arsenal","End of loan30.06.2025","Fulham","https://tmssl.akamaized.net//images/wappen/homepageSmall/931.png?lm=1556831687"
"Rasmus KristensenR. Kristensen",27,NA,"Right-Back","RB","€14.00m",NA,"Frankfurt","€6.00m","Leeds United","https://tmssl.akamaized.net//images/wappen/homepageSmall/399.png?lm=1645652224"
"Sam GreenwoodS. Greenwood",23,NA,"Attacking Midfield","AM","€4.50m",NA,"Pogon Szczecin","€2.00m","Leeds United","https://tmssl.akamaized.net//images/wappen/homepageSmall/399.png?lm=1645652224"
"Darko GyabiD. Gyabi",21,NA,"Central Midfield","CM","€1.80m",NA,"Hull City","free transfer","Leeds United","https://tmssl.akamaized.net//images/wappen/homepageSmall/399.png?lm=1645652224"
"Junior FirpoJ. Firpo",28,NA,"Left-Back","LB","€8.00m",NA,"Real Betis","free transfer","Leeds United","https://tmssl.akamaized.net//images/wappen/homepageSmall/399.png?lm=1645652224"
"Joe GelhardtJ. Gelhardt",23,NA,"Centre-Forward","CF","€3.00m",NA,"Hull City","loan transfer","Leeds United","https://tmssl.akamaized.net//images/wappen/homepageSmall/399.png?lm=1645652224"
"Largie RamazaniL. Ramazani",24,NA,"Left Winger","LW","€7.50m",NA,"Valencia","loan transfer","Leeds United","https://tmssl.akamaized.net//images/wappen/homepageSmall/399.png?lm=1645652224"
"Isaac SchmidtI. Schmidt",25,NA,"Right-Back","RB","€2.20m",NA,"Werder Bremen","loan transfer","Leeds United","https://tmssl.akamaized.net//images/wappen/homepageSmall/399.png?lm=1645652224"
"Mateo JosephM. Joseph",21,NA,"Centre-Forward","CF","€3.50m",NA,"RCD Mallorca","loan transfer","Leeds United","https://tmssl.akamaized.net//images/wappen/homepageSmall/399.png?lm=1645652224"
"Maximilian WöberM. Wöber",27,NA,"Centre-Back","CB","€8.00m",NA,"Werder Bremen","loan transfer","Leeds United","https://tmssl.akamaized.net//images/wappen/homepageSmall/399.png?lm=1645652224"
"Patrick BamfordP. Bamford",31,NA,"Centre-Forward","CF","€2.00m",NA,"Without Club","-","Leeds United","https://tmssl.akamaized.net//images/wappen/homepageSmall/399.png?lm=1645652224"
"Josuha GuilavoguiJ. Guilavogui",34,NA,"Defensive Midfield","DM","€300k",NA,"Without Club","-","Leeds United","https://tmssl.akamaized.net//images/wappen/homepageSmall/399.png?lm=1645652224"
"Charlie CrewC. Crew",19,NA,"Defensive Midfield","DM","€150k",NA,"Doncaster","loan transfer","Leeds United","https://tmssl.akamaized.net//images/wappen/homepageSmall/399.png?lm=1645652224"
"Manor SolomonM. Solomon",25,NA,"Left Winger","LW","€14.00m",NA,"Tottenham","End of loan30.06.2025","Leeds United","https://tmssl.akamaized.net//images/wappen/homepageSmall/399.png?lm=1645652224"
"Joe RothwellJ. Rothwell",30,NA,"Central Midfield","CM","€1.80m",NA,"Bournemouth","End of loan30.06.2025","Leeds United","https://tmssl.akamaized.net//images/wappen/homepageSmall/399.png?lm=1645652224"
"Luis DíazLuis Díaz",28,NA,"Left Winger","LW","€70.00m",NA,"Bayern Munich","€70.00m","Liverpool","https://tmssl.akamaized.net//images/wappen/homepageSmall/31.png?lm=1727873452"
"Darwin NúñezD. Núñez",26,NA,"Centre-Forward","CF","€45.00m",NA,"Al-Hilal","€53.00m","Liverpool","https://tmssl.akamaized.net//images/wappen/homepageSmall/31.png?lm=1727873452"
"Jarell QuansahJ. Quansah",22,NA,"Centre-Back","CB","€20.00m",NA,"Leverkusen","€35.00m","Liverpool","https://tmssl.akamaized.net//images/wappen/homepageSmall/31.png?lm=1727873452"
"Ben DoakBen Doak",19,NA,"Right Winger","RW","€14.00m",NA,"Bournemouth","€23.20m","Liverpool","https://tmssl.akamaized.net//images/wappen/homepageSmall/31.png?lm=1727873452"
"Caoimhín KelleherC. Kelleher",26,NA,"Goalkeeper","GK","€20.00m",NA,"Brentford","€14.80m","Liverpool","https://tmssl.akamaized.net//images/wappen/homepageSmall/31.png?lm=1727873452"
"Tyler MortonT. Morton",22,NA,"Defensive Midfield","DM","€7.00m",NA,"Lyon","€10.00m","Liverpool","https://tmssl.akamaized.net//images/wappen/homepageSmall/31.png?lm=1727873452"
"Trent Alexander-ArnoldT. Alexander-Arnold",26,NA,"Right-Back","RB","€75.00m",NA,"Real Madrid","€10.00m","Liverpool","https://tmssl.akamaized.net//images/wappen/homepageSmall/31.png?lm=1727873452"
"Nat PhillipsN. Phillips",28,NA,"Centre-Back","CB","€3.00m",NA,"West Brom","€3.50m","Liverpool","https://tmssl.akamaized.net//images/wappen/homepageSmall/31.png?lm=1727873452"
"Harvey DaviesH. Davies",21,NA,"Goalkeeper","GK","€500k",NA,"Crawley Town","loan transfer","Liverpool","https://tmssl.akamaized.net//images/wappen/homepageSmall/31.png?lm=1727873452"
"Vitezslav JarosV. Jaros",23,NA,"Goalkeeper","GK","€4.00m",NA,"Ajax","loan transfer","Liverpool","https://tmssl.akamaized.net//images/wappen/homepageSmall/31.png?lm=1727873452"
"Konstantinos TsimikasK. Tsimikas",29,NA,"Left-Back","LB","€18.00m",NA,"Roma","loan transfer","Liverpool","https://tmssl.akamaized.net//images/wappen/homepageSmall/31.png?lm=1727873452"
"Harvey ElliottH. Elliott",22,NA,"Attacking Midfield","AM","€30.00m",NA,"Aston Villa","loan transfer","Liverpool","https://tmssl.akamaized.net//images/wappen/homepageSmall/31.png?lm=1727873452"
"James McAteeJ. McAtee",22,NA,"Attacking Midfield","AM","€20.00m",NA,"Nott'm Forest","€25.50m","Manchester City","https://tmssl.akamaized.net//images/wappen/homepageSmall/281.png?lm=1467356331"
"Yan CoutoYan Couto",23,NA,"Right-Back","RB","€20.00m",NA,"Dortmund","€20.00m","Manchester City","https://tmssl.akamaized.net//images/wappen/homepageSmall/281.png?lm=1467356331"
"Máximo PerroneM. Perrone",22,NA,"Defensive Midfield","DM","€12.00m",NA,"Como","€13.00m","Manchester City","https://tmssl.akamaized.net//images/wappen/homepageSmall/281.png?lm=1467356331"
"EdersonEderson",32,NA,"Goalkeeper","GK","€20.00m",NA,"Fenerbahçe","€11.00m","Manchester City","https://tmssl.akamaized.net//images/wappen/homepageSmall/281.png?lm=1467356331"
"Manuel AkanjiM. Akanji",30,NA,"Centre-Back","CB","€28.00m",NA,"Inter","Loan fee:€1.00m","Manchester City","https://tmssl.akamaized.net//images/wappen/homepageSmall/281.png?lm=1467356331"
"İlkay Gündoğanİ. Gündoğan",34,NA,"Central Midfield","CM","€5.00m",NA,"Galatasaray","free transfer","Manchester City","https://tmssl.akamaized.net//images/wappen/homepageSmall/281.png?lm=1467356331"
"Kevin De BruyneK. De Bruyne",34,NA,"Attacking Midfield","AM","€20.00m",NA,"Napoli","free transfer","Manchester City","https://tmssl.akamaized.net//images/wappen/homepageSmall/281.png?lm=1467356331"
"Kyle WalkerK. Walker",35,NA,"Right-Back","RB","€4.00m",NA,"Burnley","?","Manchester City","https://tmssl.akamaized.net//images/wappen/homepageSmall/281.png?lm=1467356331"
"Sverre NypanS. Nypan",18,NA,"Central Midfield","CM","€15.00m",NA,"Middlesbrough","loan transfer","Manchester City","https://tmssl.akamaized.net//images/wappen/homepageSmall/281.png?lm=1467356331"
"Claudio EcheverriC. Echeverri",19,NA,"Attacking Midfield","AM","€18.00m",NA,"Leverkusen","loan transfer","Manchester City","https://tmssl.akamaized.net//images/wappen/homepageSmall/281.png?lm=1467356331"
"Issa KaboréI. Kaboré",24,NA,"Right-Back","RB","€4.00m",NA,"Wrexham","loan transfer","Manchester City","https://tmssl.akamaized.net//images/wappen/homepageSmall/281.png?lm=1467356331"
"Josh Wilson-EsbrandJ. Wilson-Esbrand",22,NA,"Left-Back","LB","€4.00m",NA,"Radomiak","loan transfer","Manchester City","https://tmssl.akamaized.net//images/wappen/homepageSmall/281.png?lm=1467356331"
"Jack GrealishJ. Grealish",29,NA,"Left Winger","LW","€28.00m",NA,"Everton","loan transfer","Manchester City","https://tmssl.akamaized.net//images/wappen/homepageSmall/281.png?lm=1467356331"
"Vitor ReisV. Reis",19,NA,"Centre-Back","CB","€30.00m",NA,"Girona","loan transfer","Manchester City","https://tmssl.akamaized.net//images/wappen/homepageSmall/281.png?lm=1467356331"
"Juma BahJuma Bah",19,NA,"Centre-Back","CB","€6.00m",NA,"Nice","loan transfer","Manchester City","https://tmssl.akamaized.net//images/wappen/homepageSmall/281.png?lm=1467356331"
"Scott CarsonS. Carson",39,NA,"Goalkeeper","GK","€100k",NA,"Without Club","-","Manchester City","https://tmssl.akamaized.net//images/wappen/homepageSmall/281.png?lm=1467356331"
"Alejandro GarnachoA. Garnacho",21,NA,"Left Winger","LW","€45.00m",NA,"Chelsea","€46.20m","Manchester United","https://tmssl.akamaized.net//images/wappen/homepageSmall/985.png?lm=1457975903"
"AntonyAntony",25,NA,"Right Winger","RW","€35.00m",NA,"Real Betis","€22.00m","Manchester United","https://tmssl.akamaized.net//images/wappen/homepageSmall/985.png?lm=1457975903"
"Rasmus HøjlundR. Højlund",22,NA,"Centre-Forward","CF","€35.00m",NA,"Napoli","Loan fee:€6.00m","Manchester United","https://tmssl.akamaized.net//images/wappen/homepageSmall/985.png?lm=1457975903"
"Victor LindelöfV. Lindelöf",31,NA,"Centre-Back","CB","€8.00m",NA,"Aston Villa","free transfer","Manchester United","https://tmssl.akamaized.net//images/wappen/homepageSmall/985.png?lm=1457975903"
"André OnanaA. Onana",29,NA,"Goalkeeper","GK","€25.00m",NA,"Trabzonspor","loan transfer","Manchester United","https://tmssl.akamaized.net//images/wappen/homepageSmall/985.png?lm=1457975903"
"Marcus RashfordM. Rashford",27,NA,"Left Winger","LW","€50.00m",NA,"Barcelona","loan transfer","Manchester United","https://tmssl.akamaized.net//images/wappen/homepageSmall/985.png?lm=1457975903"
"Jadon SanchoJ. Sancho",25,NA,"Left Winger","LW","€28.00m",NA,"Aston Villa","loan transfer","Manchester United","https://tmssl.akamaized.net//images/wappen/homepageSmall/985.png?lm=1457975903"
"Harry AmassH. Amass",18,NA,"Left-Back","LB","€5.00m",NA,"Sheff Wed","loan transfer","Manchester United","https://tmssl.akamaized.net//images/wappen/homepageSmall/985.png?lm=1457975903"
"Toby CollyerT. Collyer",21,NA,"Defensive Midfield","DM","€5.00m",NA,"West Brom","loan transfer","Manchester United","https://tmssl.akamaized.net//images/wappen/homepageSmall/985.png?lm=1457975903"
"Christian EriksenC. Eriksen",33,NA,"Attacking Midfield","AM","€4.00m",NA,"Without Club","-","Manchester United","https://tmssl.akamaized.net//images/wappen/homepageSmall/985.png?lm=1457975903"
"Jonny EvansJ. Evans",37,NA,"Centre-Back","CB","€1.00m",NA,"Retired","-","Manchester United","https://tmssl.akamaized.net//images/wappen/homepageSmall/985.png?lm=1457975903"
"Alexander IsakA. Isak",25,NA,"Centre-Forward","CF","€120.00m",NA,"Liverpool","€145.00m","NewCastle United","https://tmssl.akamaized.net//images/wappen/homepageSmall/762.png?lm=1472921161"
"Lloyd KellyL. Kelly",26,NA,"Centre-Back","CB","€16.00m",NA,"Juventus","€17.20m","NewCastle United","https://tmssl.akamaized.net//images/wappen/homepageSmall/762.png?lm=1472921161"
"Sean LongstaffS. Longstaff",27,NA,"Central Midfield","CM","€20.00m",NA,"Leeds","€13.80m","NewCastle United","https://tmssl.akamaized.net//images/wappen/homepageSmall/762.png?lm=1472921161"
"Callum WilsonC. Wilson",33,NA,"Centre-Forward","CF","€8.00m",NA,"West Ham","free transfer","NewCastle United","https://tmssl.akamaized.net//images/wappen/homepageSmall/762.png?lm=1472921161"
"Isaac HaydenI. Hayden",30,NA,"Defensive Midfield","DM","€700k",NA,"QPR","free transfer","NewCastle United","https://tmssl.akamaized.net//images/wappen/homepageSmall/762.png?lm=1472921161"
"Martin DúbravkaM. Dúbravka",36,NA,"Goalkeeper","GK","€1.00m",NA,"Burnley","?","NewCastle United","https://tmssl.akamaized.net//images/wappen/homepageSmall/762.png?lm=1472921161"
"Antoñito CorderoA. Cordero",18,NA,"Left Winger","LW","€2.00m",NA,"KVC Westerlo","loan transfer","NewCastle United","https://tmssl.akamaized.net//images/wappen/homepageSmall/762.png?lm=1472921161"
"Odysseas VlachodimosO. Vlachodimos",31,NA,"Goalkeeper","GK","€5.00m",NA,"Sevilla FC","loan transfer","NewCastle United","https://tmssl.akamaized.net//images/wappen/homepageSmall/762.png?lm=1472921161"
"Joe WhiteJoe White",22,NA,"Attacking Midfield","AM","€275k",NA,"Leyton Orient","loan transfer","NewCastle United","https://tmssl.akamaized.net//images/wappen/homepageSmall/762.png?lm=1472921161"
"Jamal LewisJ. Lewis",27,NA,"Left-Back","LB","€2.50m",NA,"Without Club","-","NewCastle United","https://tmssl.akamaized.net//images/wappen/homepageSmall/762.png?lm=1472921161"
"Matt TargettM. Targett",29,NA,"Left-Back","LB","€5.00m",NA,"Middlesbrough","loan transfer","NewCastle United","https://tmssl.akamaized.net//images/wappen/homepageSmall/762.png?lm=1472921161"
"Anthony ElangaA. Elanga",23,NA,"Right Winger","RW","€42.00m",NA,"Newcastle","€61.40m","Nottingham Forest","https://tmssl.akamaized.net//images/wappen/homepageSmall/703.png?lm=1598890289"
"DaniloDanilo",24,NA,"Defensive Midfield","DM","€28.00m",NA,"Botafogo","€23.00m","Nottingham Forest","https://tmssl.akamaized.net//images/wappen/homepageSmall/703.png?lm=1598890289"
"Ramón SosaR. Sosa",25,NA,"Left Winger","LW","€12.00m",NA,"Palmeiras","€12.50m","Nottingham Forest","https://tmssl.akamaized.net//images/wappen/homepageSmall/703.png?lm=1598890289"
"Andrew OmobamideleA. Omobamidele",23,NA,"Centre-Back","CB","€8.00m",NA,"R. Strasbourg","€10.50m","Nottingham Forest","https://tmssl.akamaized.net//images/wappen/homepageSmall/703.png?lm=1598890289"
"Matt TurnerM. Turner",31,NA,"Goalkeeper","GK","€2.50m",NA,"Lyon","€8.00m","Nottingham Forest","https://tmssl.akamaized.net//images/wappen/homepageSmall/703.png?lm=1598890289"
"Carlos MiguelCarlos Miguel",26,NA,"Goalkeeper","GK","€4.00m",NA,"Palmeiras","€5.50m","Nottingham Forest","https://tmssl.akamaized.net//images/wappen/homepageSmall/703.png?lm=1598890289"
"Lewis O'BrienL. O'Brien",26,NA,"Central Midfield","CM","€4.00m",NA,"Wrexham","€3.50m","Nottingham Forest","https://tmssl.akamaized.net//images/wappen/homepageSmall/703.png?lm=1598890289"
"Jota SilvaJota Silva",26,NA,"Right Winger","RW","€15.00m",NA,"Besiktas","Loan fee:€2.50m","Nottingham Forest","https://tmssl.akamaized.net//images/wappen/homepageSmall/703.png?lm=1598890289"
"Josh BowlerJ. Bowler",26,NA,"Right Winger","RW","€1.00m",NA,"Blackpool","free transfer","Nottingham Forest","https://tmssl.akamaized.net//images/wappen/homepageSmall/703.png?lm=1598890289"
"Harry ToffoloH. Toffolo",29,NA,"Left-Back","LB","€3.00m",NA,"Charlotte","free transfer","Nottingham Forest","https://tmssl.akamaized.net//images/wappen/homepageSmall/703.png?lm=1598890289"
"Jonathan PanzoJ. Panzo",24,NA,"Centre-Back","CB","€1.20m",NA,"Rio Ave","free transfer","Nottingham Forest","https://tmssl.akamaized.net//images/wappen/homepageSmall/703.png?lm=1598890289"
"CuiabanoCuiabano",22,NA,"Left-Back","LB","€8.00m",NA,"Botafogo","loan transfer","Nottingham Forest","https://tmssl.akamaized.net//images/wappen/homepageSmall/703.png?lm=1598890289"
"Marko StamenicM. Stamenic",23,NA,"Central Midfield","CM","€3.00m",NA,"Swansea","?","Nottingham Forest","https://tmssl.akamaized.net//images/wappen/homepageSmall/703.png?lm=1598890289"
"Tyler BindonT. Bindon",20,NA,"Centre-Back","CB","€1.20m",NA,"Sheff Utd","loan transfer","Nottingham Forest","https://tmssl.akamaized.net//images/wappen/homepageSmall/703.png?lm=1598890289"
"Eric da Silva MoreiraE. da Silva Moreira",19,NA,"Right-Back","RB","€1.00m",NA,"Rio Ave","loan transfer","Nottingham Forest","https://tmssl.akamaized.net//images/wappen/homepageSmall/703.png?lm=1598890289"
"David CarmoD. Carmo",26,NA,"Centre-Back","CB","€10.00m",NA,"Real Oviedo","loan transfer","Nottingham Forest","https://tmssl.akamaized.net//images/wappen/homepageSmall/703.png?lm=1598890289"
"Emmanuel DennisE. Dennis",27,NA,"Centre-Forward","CF","€2.50m",NA,"Without Club","-","Nottingham Forest","https://tmssl.akamaized.net//images/wappen/homepageSmall/703.png?lm=1598890289"
"Wayne HennesseyW. Hennessey",38,NA,"Goalkeeper","GK","€150k",NA,"Retired","-","Nottingham Forest","https://tmssl.akamaized.net//images/wappen/homepageSmall/703.png?lm=1598890289"
"Omar RichardsO. Richards",27,NA,"Left-Back","LB","€2.50m",NA,"Rio Ave","loan transfer","Nottingham Forest","https://tmssl.akamaized.net//images/wappen/homepageSmall/703.png?lm=1598890289"
"Álex MorenoÁ. Moreno",32,NA,"Left-Back","LB","€7.00m",NA,"Aston Villa","End of loan30.06.2025","Nottingham Forest","https://tmssl.akamaized.net//images/wappen/homepageSmall/703.png?lm=1598890289"
"Jobe BellinghamJ. Bellingham",19,NA,"Central Midfield","CM","€22.00m",NA,"Dortmund","€30.50m","Sunderland AFC","https://tmssl.akamaized.net//images/wappen/homepageSmall/289.png?lm=1485645633"
"Tom WatsonT. Watson",19,NA,"Left Winger","LW","€8.00m",NA,"Brighton","€12.00m","Sunderland AFC","https://tmssl.akamaized.net//images/wappen/homepageSmall/289.png?lm=1485645633"
"Pierre EkwahP. Ekwah",23,NA,"Defensive Midfield","DM","€7.00m",NA,"Saint-Étienne","€6.00m","Sunderland AFC","https://tmssl.akamaized.net//images/wappen/homepageSmall/289.png?lm=1485645633"
"Nectarios TriantisN. Triantis",22,NA,"Central Midfield","CM","€1.00m",NA,"Minnesota","€2.50m","Sunderland AFC","https://tmssl.akamaized.net//images/wappen/homepageSmall/289.png?lm=1485645633"
"Nathan BishopN. Bishop",25,NA,"Goalkeeper","GK","€275k",NA,"AFC Wimbledon","?","Sunderland AFC","https://tmssl.akamaized.net//images/wappen/homepageSmall/289.png?lm=1485645633"
"Adil AouchicheA. Aouchiche",22,NA,"Attacking Midfield","AM","€1.50m",NA,"Aberdeen FC","loan transfer","Sunderland AFC","https://tmssl.akamaized.net//images/wappen/homepageSmall/289.png?lm=1485645633"
"Jenson SeeltJ. Seelt",22,NA,"Centre-Back","CB","€2.00m",NA,"Wolfsburg","loan transfer","Sunderland AFC","https://tmssl.akamaized.net//images/wappen/homepageSmall/289.png?lm=1485645633"
"Niall HugginsN. Huggins",24,NA,"Right-Back","RB","€800k",NA,"Wycombe","loan transfer","Sunderland AFC","https://tmssl.akamaized.net//images/wappen/homepageSmall/289.png?lm=1485645633"
"Patrick RobertsP. Roberts",28,NA,"Right Winger","RW","€5.00m",NA,"Birmingham","loan transfer","Sunderland AFC","https://tmssl.akamaized.net//images/wappen/homepageSmall/289.png?lm=1485645633"
"Alan BrowneA. Browne",30,NA,"Central Midfield","CM","€2.20m",NA,"Middlesbrough","loan transfer","Sunderland AFC","https://tmssl.akamaized.net//images/wappen/homepageSmall/289.png?lm=1485645633"
"Nazariy RusynN. Rusyn",26,NA,"Centre-Forward","CF","€1.00m",NA,"Arka Gdynia","loan transfer","Sunderland AFC","https://tmssl.akamaized.net//images/wappen/homepageSmall/289.png?lm=1485645633"
"Milan AleksicM. Aleksic",20,NA,"Attacking Midfield","AM","€700k",NA,"Cracovia","loan transfer","Sunderland AFC","https://tmssl.akamaized.net//images/wappen/homepageSmall/289.png?lm=1485645633"
"Luís SemedoL. Semedo",22,NA,"Centre-Forward","CF","€500k",NA,"Moreirense","loan transfer","Sunderland AFC","https://tmssl.akamaized.net//images/wappen/homepageSmall/289.png?lm=1485645633"
"Marc GuiuMarc Guiu",19,NA,"Centre-Forward","CF","€8.00m",NA,"Chelsea","End of loan01.09.2025","Sunderland AFC","https://tmssl.akamaized.net//images/wappen/homepageSmall/289.png?lm=1485645633"
"Enzo Le FéeE. Le Fée",25,NA,"Central Midfield","CM","€18.00m",NA,"Roma","End of loan30.06.2025","Sunderland AFC","https://tmssl.akamaized.net//images/wappen/homepageSmall/289.png?lm=1485645633"
"Salis Abdul SamedS. Abdul Samed",25,NA,"Defensive Midfield","DM","€5.50m",NA,"Lens","End of loan30.06.2025","Sunderland AFC","https://tmssl.akamaized.net//images/wappen/homepageSmall/289.png?lm=1485645633"
"Heung-min SonH. Son",33,NA,"Left Winger","LW","€20.00m",NA,"LAFC","€22.00m","Tottenham HotSpur","https://tmssl.akamaized.net//images/wappen/homepageSmall/148.png?lm=1732011953"
"Pierre-Emile HøjbjergP. Højbjerg",29,NA,"Defensive Midfield","DM","€20.00m",NA,"Marseille","€13.50m","Tottenham HotSpur","https://tmssl.akamaized.net//images/wappen/homepageSmall/148.png?lm=1732011953"
"Bryan GilBryan Gil",24,NA,"Left Winger","LW","€15.00m",NA,"Girona","€6.00m","Tottenham HotSpur","https://tmssl.akamaized.net//images/wappen/homepageSmall/148.png?lm=1732011953"
"Mikey MooreM. Moore",17,NA,"Left Winger","LW","€18.00m",NA,"Rangers","loan transfer","Tottenham HotSpur","https://tmssl.akamaized.net//images/wappen/homepageSmall/148.png?lm=1732011953"
"Min-hyeok YangM. Yang",19,NA,"Right Winger","RW","€3.50m",NA,"Portsmouth","loan transfer","Tottenham HotSpur","https://tmssl.akamaized.net//images/wappen/homepageSmall/148.png?lm=1732011953"
"Alfie DevineA. Devine",21,NA,"Attacking Midfield","AM","€3.50m",NA,"Preston","loan transfer","Tottenham HotSpur","https://tmssl.akamaized.net//images/wappen/homepageSmall/148.png?lm=1732011953"
"Alejo VelizA. Veliz",21,NA,"Centre-Forward","CF","€2.50m",NA,"Rosario Central","loan transfer","Tottenham HotSpur","https://tmssl.akamaized.net//images/wappen/homepageSmall/148.png?lm=1732011953"
"Luka VuskovicL. Vuskovic",18,NA,"Centre-Back","CB","€12.00m",NA,"Hamburg","loan transfer","Tottenham HotSpur","https://tmssl.akamaized.net//images/wappen/homepageSmall/148.png?lm=1732011953"
"Manor SolomonM. Solomon",26,NA,"Left Winger","LW","€14.00m",NA,"Villarreal","loan transfer","Tottenham HotSpur","https://tmssl.akamaized.net//images/wappen/homepageSmall/148.png?lm=1732011953"
"Alfie WhitemanA. Whiteman",26,NA,"Goalkeeper","GK","€500k",NA,"Without Club","-","Tottenham HotSpur","https://tmssl.akamaized.net//images/wappen/homepageSmall/148.png?lm=1732011953"
"Sergio ReguilónS. Reguilón",28,NA,"Left-Back","LB","€6.00m",NA,"Without Club","-","Tottenham HotSpur","https://tmssl.akamaized.net//images/wappen/homepageSmall/148.png?lm=1732011953"
"Fraser ForsterF. Forster",37,NA,"Goalkeeper","GK","€1.00m",NA,"Without Club","-","Tottenham HotSpur","https://tmssl.akamaized.net//images/wappen/homepageSmall/148.png?lm=1732011953"
"Mathys TelM. Tel",20,NA,"Centre-Forward","CF","€35.00m",NA,"Bayern Munich","End of loan30.06.2025","Tottenham HotSpur","https://tmssl.akamaized.net//images/wappen/homepageSmall/148.png?lm=1732011953"
"Kevin DansoK. Danso",26,NA,"Centre-Back","CB","€25.00m",NA,"Lens","End of loan30.06.2025","Tottenham HotSpur","https://tmssl.akamaized.net//images/wappen/homepageSmall/148.png?lm=1732011953"
"Timo WernerT. Werner",29,NA,"Left Winger","LW","€7.00m",NA,"Leipzig","End of loan30.06.2025","Tottenham HotSpur","https://tmssl.akamaized.net//images/wappen/homepageSmall/148.png?lm=1732011953"
"Mohammed KudusM. Kudus",24,NA,"Right Winger","RW","€45.00m",NA,"Tottenham","€63.80m","West Ham","https://tmssl.akamaized.net//images/wappen/homepageSmall/379.png?lm=1464675260"
"Nayef AguerdN. Aguerd",29,NA,"Centre-Back","CB","€18.00m",NA,"Marseille","€23.00m","West Ham","https://tmssl.akamaized.net//images/wappen/homepageSmall/379.png?lm=1464675260"
"Edson ÁlvarezE. Álvarez",27,NA,"Defensive Midfield","DM","€25.00m",NA,"Fenerbahçe","Loan fee:€2.00m","West Ham","https://tmssl.akamaized.net//images/wappen/homepageSmall/379.png?lm=1464675260"
"EmersonEmerson",31,NA,"Left-Back","LB","€10.00m",NA,"Marseille","€700k","West Ham","https://tmssl.akamaized.net//images/wappen/homepageSmall/379.png?lm=1464675260"
"Vladimír CoufalV. Coufal",32,NA,"Right-Back","RB","€5.00m",NA,"Hoffenheim","free transfer","West Ham","https://tmssl.akamaized.net//images/wappen/homepageSmall/379.png?lm=1464675260"
"Danny IngsD. Ings",33,NA,"Centre-Forward","CF","€6.00m",NA,"Sheff Utd","free transfer","West Ham","https://tmssl.akamaized.net//images/wappen/homepageSmall/379.png?lm=1464675260"
"Aaron CresswellA. Cresswell",35,NA,"Left-Back","LB","€500k",NA,"Stoke City","free transfer","West Ham","https://tmssl.akamaized.net//images/wappen/homepageSmall/379.png?lm=1464675260"
"Kurt ZoumaK. Zouma",30,NA,"Centre-Back","CB","€10.00m",NA,"CFR Cluj","free transfer","West Ham","https://tmssl.akamaized.net//images/wappen/homepageSmall/379.png?lm=1464675260"
"Wes FoderinghamW. Foderingham",34,NA,"Goalkeeper","GK","€600k",NA,"Aris Limassol","free transfer","West Ham","https://tmssl.akamaized.net//images/wappen/homepageSmall/379.png?lm=1464675260"
"Kaelan CaseyK. Casey",20,NA,"Centre-Back","CB","€1.00m",NA,"Swansea","loan transfer","West Ham","https://tmssl.akamaized.net//images/wappen/homepageSmall/379.png?lm=1464675260"
"Maxwel CornetM. Cornet",28,NA,"Left Winger","LW","€8.00m",NA,"Genoa","loan transfer","West Ham","https://tmssl.akamaized.net//images/wappen/homepageSmall/379.png?lm=1464675260"
"Michail AntonioM. Antonio",35,NA,"Centre-Forward","CF","€700k",NA,"West Ham U21","-","West Ham","https://tmssl.akamaized.net//images/wappen/homepageSmall/379.png?lm=1464675260"
"Lukasz FabianskiL. Fabianski",40,NA,"Goalkeeper","GK","€500k",NA,"Without Club","-","West Ham","https://tmssl.akamaized.net//images/wappen/homepageSmall/379.png?lm=1464675260"
"Junior RobinsonJ. Robinson",21,NA,"Right-Back","RB","-",NA,"Livingston FC","loan transfer","West Ham","https://tmssl.akamaized.net//images/wappen/homepageSmall/379.png?lm=1464675260"
"Jean-Clair TodiboJ. Todibo",25,NA,"Centre-Back","CB","€25.00m",NA,"Nice","End of loan30.06.2025","West Ham","https://tmssl.akamaized.net//images/wappen/homepageSmall/379.png?lm=1464675260"
"Evan FergusonE. Ferguson",20,NA,"Centre-Forward","CF","€25.00m",NA,"Brighton","End of loan30.06.2025","West Ham","https://tmssl.akamaized.net//images/wappen/homepageSmall/379.png?lm=1464675260"
"Carlos SolerC. Soler",28,NA,"Central Midfield","CM","€18.00m",NA,"PSG","End of loan30.06.2025","West Ham","https://tmssl.akamaized.net//images/wappen/homepageSmall/379.png?lm=1464675260"
"Matheus CunhaM. Cunha",26,NA,"Second Striker","SS","€60.00m",NA,"Man Utd","€74.20m","Wolves","https://tmssl.akamaized.net//images/wappen/homepageSmall/543.png?lm=1467496784"
"Rayan Aït-NouriR. Aït-Nouri",24,NA,"Left-Back","LB","€35.00m",NA,"Man City","€36.80m","Wolves","https://tmssl.akamaized.net//images/wappen/homepageSmall/543.png?lm=1467496784"
"Fábio SilvaF. Silva",23,NA,"Centre-Forward","CF","€20.00m",NA,"Dortmund","€22.50m","Wolves","https://tmssl.akamaized.net//images/wappen/homepageSmall/543.png?lm=1467496784"
"Gonçalo GuedesG. Guedes",28,NA,"Left Winger","LW","€11.00m",NA,"Real Sociedad","€4.00m","Wolves","https://tmssl.akamaized.net//images/wappen/homepageSmall/543.png?lm=1467496784"
"Pablo SarabiaP. Sarabia",33,NA,"Right Winger","RW","€5.00m",NA,"Al-Arabi SC","free transfer","Wolves","https://tmssl.akamaized.net//images/wappen/homepageSmall/543.png?lm=1467496784"
"Nélson SemedoN. Semedo",31,NA,"Right-Back","RB","€9.00m",NA,"Fenerbahçe","free transfer","Wolves","https://tmssl.akamaized.net//images/wappen/homepageSmall/543.png?lm=1467496784"
"ChiquinhoChiquinho",25,NA,"Left Winger","LW","€2.00m",NA,"Alverca","free transfer","Wolves","https://tmssl.akamaized.net//images/wappen/homepageSmall/543.png?lm=1467496784"
"Bastien MeupiyouB. Meupiyou",19,NA,"Centre-Back","CB","€2.50m",NA,"Alverca","?","Wolves","https://tmssl.akamaized.net//images/wappen/homepageSmall/543.png?lm=1467496784"
"Joe HodgeJoe Hodge",22,NA,"Defensive Midfield","DM","€1.00m",NA,"Tondela","?","Wolves","https://tmssl.akamaized.net//images/wappen/homepageSmall/543.png?lm=1467496784"
"Tom KingTom King",30,NA,"Goalkeeper","GK","€200k",NA,"Everton","?","Wolves","https://tmssl.akamaized.net//images/wappen/homepageSmall/543.png?lm=1467496784"
"Chem CampbellC. Campbell",22,NA,"Attacking Midfield","AM","€900k",NA,"Stevenage","?","Wolves","https://tmssl.akamaized.net//images/wappen/homepageSmall/543.png?lm=1467496784"
"Tommy DoyleT. Doyle",23,NA,"Central Midfield","CM","€10.00m",NA,"Birmingham","loan transfer","Wolves","https://tmssl.akamaized.net//images/wappen/homepageSmall/543.png?lm=1467496784"
"Boubacar TraoréB. Traoré",23,NA,"Defensive Midfield","DM","€5.00m",NA,"FC Metz","loan transfer","Wolves","https://tmssl.akamaized.net//images/wappen/homepageSmall/543.png?lm=1467496784"
"Sasa KalajdzicS. Kalajdzic",28,NA,"Centre-Forward","CF","€4.00m",NA,"LASK","loan transfer","Wolves","https://tmssl.akamaized.net//images/wappen/homepageSmall/543.png?lm=1467496784"
"Craig DawsonC. Dawson",35,NA,"Centre-Back","CB","€1.50m",NA,"Without Club","-","Wolves","https://tmssl.akamaized.net//images/wappen/homepageSmall/543.png?lm=1467496784"
"Nasser DjigaN. Djiga",22,NA,"Centre-Back","CB","€10.00m",NA,"Rangers","loan transfer","Wolves","https://tmssl.akamaized.net//images/wappen/homepageSmall/543.png?lm=1467496784"
"Pedro LimaPedro Lima",19,NA,"Right-Back","RB","€5.00m",NA,"Porto","loan transfer","Wolves","https://tmssl.akamaized.net//images/wappen/homepageSmall/543.png?lm=1467496784"
"Jørgen Strand LarsenJ. Larsen",25,NA,"Centre-Forward","CF","€30.00m",NA,"Celta de Vigo","End of loan30.06.2025","Wolves","https://tmssl.akamaized.net//images/wappen/homepageSmall/543.png?lm=1467496784"
"Carlos ForbsC. Forbs",21,NA,"Left Winger","LW","€8.00m",NA,"Ajax","End of loan30.06.2025","Wolves","https://tmssl.akamaized.net//images/wappen/homepageSmall/543.png?lm=1467496784"
